{"payload":{"installed_packages":["-ensorflow-intel==2.12.0","absl-py==1.4.0","aiofiles==22.1.0","aiosqlite==0.18.0","anyio==3.6.2","apyori==1.1.2","argon2-cffi-bindings==21.2.0","argon2-cffi==21.3.0","arrow==1.2.3","asttokens==2.2.1","astunparse==1.6.3","attrs==22.2.0","babel==2.12.1","backcall==0.2.0","beautifulsoup4==4.12.1","bleach==6.0.0","cachetools==5.3.0","certifi==2022.12.7","cffi==1.15.1","chardet==4.0.0","charset-normalizer==3.1.0","cloudpickle==2.2.1","colorama==0.4.6","comet-ml==3.33.10","comm==0.1.3","configobj==5.0.8","contourpy==1.0.7","cycler==0.10.0","debugpy==1.6.7","decorator==5.1.1","defusedxml==0.7.1","dulwich==0.21.6","et-xmlfile==1.1.0","everett==3.1.0","executing==1.2.0","farama-notifications==0.0.4","fastjsonschema==2.16.3","filelock==3.12.0","flatbuffers==23.3.3","fonttools==4.39.3","fqdn==1.5.1","gast==0.4.0","gitdb==4.0.10","gitpython==3.1.34","google-api-core==2.11.1","google-auth-oauthlib==1.0.0","google-auth==2.17.2","google-cloud-vision==3.4.3","google-pasta==0.2.0","googleapis-common-protos==1.59.1","grpcio-status==1.54.2","grpcio==1.54.2","gym-notices==0.0.8","gym==0.26.2","gymnasium==0.28.1","h5py==3.8.0","idna==2.10","ipykernel==6.22.0","ipython-genutils==0.2.0","ipython==8.12.0","isoduration==20.11.0","jax-jumpy==1.0.0","jax==0.4.8","jedi==0.18.2","jinja2==3.1.2","joblib==1.2.0","json5==0.9.11","jsonpointer==2.3","jsonschema==4.17.3","jupyter-client==8.1.0","jupyter-core==5.3.0","jupyter-events==0.6.3","jupyter-server-fileid==0.8.0","jupyter-server-terminals==0.4.4","jupyter-server-ydoc==0.8.0","jupyter-server==2.5.0","jupyter-ydoc==0.2.3","jupyterlab-pygments==0.2.2","jupyterlab-server==2.22.0","jupyterlab==3.6.3","keras-rl==0.4.2","keras==2.12.0","kiwisolver==1.4.4","libclang==16.0.0","markdown-it-py==3.0.0","markdown==3.4.3","markupsafe==2.1.2","matplotlib-inline==0.1.6","matplotlib==3.7.1","mdurl==0.1.2","mistune==2.0.5","ml-dtypes==0.0.4","mpmath==1.3.0","nbclassic==0.5.5","nbclient==0.7.3","nbconvert==7.3.0","nbformat==5.8.0","nest-asyncio==1.5.6","networkx==3.1","notebook-shim==0.2.2","notebook==6.5.3","numpy==1.23.5","oauthlib==3.2.2","opencv-python-headless==4.8.0.74","opencv-python==4.7.0.72","openpyxl==3.1.2","opt-einsum==3.3.0","packaging==23.0","pandas==2.0.0","pandocfilters==1.5.0","parso==0.8.3","pickleshare==0.7.5","pillow==9.5.0","pip==23.2.1","platformdirs==3.2.0","prometheus-client==0.16.0","prompt-toolkit==3.0.38","proto-plus==1.22.2","protobuf==4.22.1","psutil==5.9.4","pure-eval==0.2.2","py-cpuinfo==9.0.0","pyasn1-modules==0.2.8","pyasn1==0.4.8","pybrot==0.0.7","pycparser==2.21","pydot==1.4.2","pygments==2.14.0","pyparsing==2.4.7","pyqt5-plugins==5.15.9.2.3","pyqt5-tools==5.15.9.3.3","pyrsistent==0.19.3","pytesseract==0.3.10","python-box==6.1.0","python-dateutil==2.8.2","python-dotenv==1.0.0","python-json-logger==2.0.7","pytz==2023.3","pywin32==306","pywinpty==2.0.10","pyyaml==6.0","pyzmq==25.0.2","qt5-tools==5.15.2.1.3","requests-oauthlib==1.3.1","requests-toolbelt==1.0.0","requests==2.25.1","rfc3339-validator==0.1.4","rfc3986-validator==0.1.1","rich==13.5.2","roboflow==1.1.6","rsa==4.9","scikit-learn==1.2.2","scipy==1.10.1","seaborn==0.12.2","semantic-version==2.10.0","send2trash==1.8.0","sentry-sdk==1.30.0","setuptools==67.8.0","shimmy==1.0.1","simplejson==3.19.1","six==1.16.0","sklearn==0.0.post1","smmap==5.0.0","sniffio==1.3.0","soupsieve==2.4","stable-baselines3==2.0.0a11","stack-data==0.6.2","supervision==0.14.0","sympy==1.11.1","tensorboard-data-server==0.7.0","tensorboard-plugin-wit==1.8.1","tensorflow-estimator==2.12.0","tensorflow-io-gcs-filesystem==0.31.0","tensorflow==2.12.0","termcolor==2.2.0","terminado==0.17.1","thop==0.1.1.post2209072238","threadpoolctl==3.1.0","tinycss2==1.2.1","torch==2.0.0","torchvision==0.15.1","tornado==6.2","tqdm==4.66.1","traitlets==5.9.0","typing-extensions==4.5.0","tzdata==2023.3","ultralytics==8.0.171","uri-template==1.2.0","urllib3==1.26.15","wcwidth==0.2.6","webcolors==1.13","webencodings==0.5.1","websocket-client==1.3.3","werkzeug==2.2.3","wheel==0.40.0","wrapt==1.14.1","wurlitzer==3.0.3","y-py==0.5.9","ypy-websocket==0.8.2"],"local_timestamp":1694482194639},"type":"ws_msg"}
{"payload":{"env_details":{"command":["train.py","--img","640","--batch","16","--epochs","50","--data","c:\\content\\datasets\\Deteksi-Angka-Pada-Meteran-Air-Analog-3/data.yaml","--weights","yolov5s.pt","--cache"],"env":null,"hostname":"DESKTOP-1R0D5O2","ip":"192.168.1.3","machine":"AMD64","os":"Windows-10-10.0.19045-SP0","os_release":"10","os_type":"Windows","pid":6592,"processor":"Intel64 Family 6 Model 126 Stepping 5, GenuineIntel","python_exe":"c:\\Users\\LENOVO\\AppData\\Local\\Programs\\Python\\Python311\\python.exe","python_version":"3.11.3","python_version_verbose":"3.11.3 (tags/v3.11.3:f3909b8, Apr  4 2023, 23:49:59) [MSC v.1934 64 bit (AMD64)]","user":"LENOVO"},"local_timestamp":1694482195041},"type":"ws_msg"}
{"payload":{"local_timestamp":1694482195284,"metric":{"epoch":null,"metricName":"sys.cpu.percent.avg","metricValue":38.825,"step":null}},"type":"metric_msg"}
{"payload":{"local_timestamp":1694482195284,"metric":{"epoch":null,"metricName":"sys.load.avg","metricValue":0.0,"step":null}},"type":"metric_msg"}
{"payload":{"local_timestamp":1694482195284,"metric":{"epoch":null,"metricName":"sys.ram.total","metricValue":12614631424,"step":null}},"type":"metric_msg"}
{"payload":{"local_timestamp":1694482195284,"metric":{"epoch":null,"metricName":"sys.ram.used","metricValue":4209364992,"step":null}},"type":"metric_msg"}
{"payload":{"local_timestamp":1694482195295,"param":{"paramName":"img","paramValue":640,"source":"cli","step":null}},"type":"parameter_msg"}
{"payload":{"local_timestamp":1694482195295,"param":{"paramName":"batch","paramValue":16,"source":"cli","step":null}},"type":"parameter_msg"}
{"payload":{"local_timestamp":1694482195295,"param":{"paramName":"epochs","paramValue":50,"source":"cli","step":null}},"type":"parameter_msg"}
{"payload":{"local_timestamp":1694482195295,"param":{"paramName":"data","paramValue":"c:\\content\\datasets\\Deteksi-Angka-Pada-Meteran-Air-Analog-3/data.yaml","source":"cli","step":null}},"type":"parameter_msg"}
{"payload":{"local_timestamp":1694482195295,"param":{"paramName":"weights","paramValue":"yolov5s.pt","source":"cli","step":null}},"type":"parameter_msg"}
{"payload":{"local_timestamp":1694482195295,"param":{"paramName":"cache","paramValue":true,"source":"cli","step":null}},"type":"parameter_msg"}
{"payload":{"local_timestamp":1694482195301,"log_other":{"key":"offline_experiment","val":true}},"type":"ws_msg"}
{"payload":{"local_timestamp":1694482195301,"log_other":{"key":"Name","val":"exp"}},"type":"ws_msg"}
{"payload":{"additional_params":{"assetId":"b674cd5fdc8c40aaacb02c182a728ae1","context":null,"extension":"yaml","fileName":"data.yaml","overwrite":false,"runId":null,"step":null},"clean":true,"file_path":"tmpt70ltvsk","local_timestamp":1694482195305,"metadata":{"type":"data-config-file"},"upload_type":"asset"},"type":"file_upload"}
{"payload":{"local_timestamp":1694482195315,"log_other":{"key":"Created from","val":"YOLOv5"}},"type":"ws_msg"}
{"payload":{"local_timestamp":1694482195315,"log_other":{"key":"hasNestedParams","val":true}},"type":"ws_msg"}
{"payload":{"local_timestamp":1694482195315,"param":{"paramName":"artifact_alias","paramValue":"latest","source":"manual","step":null}},"type":"parameter_msg"}
{"payload":{"local_timestamp":1694482195315,"param":{"paramName":"batch_size","paramValue":16,"source":"manual","step":null}},"type":"parameter_msg"}
{"payload":{"local_timestamp":1694482195315,"param":{"paramName":"bbox_interval","paramValue":-1,"source":"manual","step":null}},"type":"parameter_msg"}
{"payload":{"local_timestamp":1694482195315,"param":{"paramName":"bucket","paramValue":"","source":"manual","step":null}},"type":"parameter_msg"}
{"payload":{"local_timestamp":1694482195315,"param":{"paramName":"cache","paramValue":"ram","source":"manual","step":null}},"type":"parameter_msg"}
{"payload":{"local_timestamp":1694482195315,"param":{"paramName":"cfg","paramValue":"","source":"manual","step":null}},"type":"parameter_msg"}
{"payload":{"local_timestamp":1694482195315,"param":{"paramName":"cos_lr","paramValue":false,"source":"manual","step":null}},"type":"parameter_msg"}
{"payload":{"local_timestamp":1694482195315,"param":{"paramName":"device","paramValue":"","source":"manual","step":null}},"type":"parameter_msg"}
{"payload":{"local_timestamp":1694482195315,"param":{"paramName":"entity","paramValue":null,"source":"manual","step":null}},"type":"parameter_msg"}
{"payload":{"local_timestamp":1694482195315,"param":{"paramName":"evolve","paramValue":null,"source":"manual","step":null}},"type":"parameter_msg"}
{"payload":{"local_timestamp":1694482195315,"param":{"paramName":"exist_ok","paramValue":false,"source":"manual","step":null}},"type":"parameter_msg"}
{"payload":{"local_timestamp":1694482195315,"params":{"paramName":"freeze","paramValue":[0],"source":"manual","step":null}},"type":"parameter_msg"}
{"payload":{"local_timestamp":1694482195315,"param":{"paramName":"hyp|anchor_t","paramValue":4.0,"source":"manual","step":null}},"type":"parameter_msg"}
{"payload":{"local_timestamp":1694482195315,"param":{"paramName":"hyp|box","paramValue":0.05,"source":"manual","step":null}},"type":"parameter_msg"}
{"payload":{"local_timestamp":1694482195315,"param":{"paramName":"hyp|cls","paramValue":0.5,"source":"manual","step":null}},"type":"parameter_msg"}
{"payload":{"local_timestamp":1694482195315,"param":{"paramName":"hyp|cls_pw","paramValue":1.0,"source":"manual","step":null}},"type":"parameter_msg"}
{"payload":{"local_timestamp":1694482195315,"param":{"paramName":"hyp|copy_paste","paramValue":0.0,"source":"manual","step":null}},"type":"parameter_msg"}
{"payload":{"local_timestamp":1694482195315,"param":{"paramName":"hyp|degrees","paramValue":0.0,"source":"manual","step":null}},"type":"parameter_msg"}
{"payload":{"local_timestamp":1694482195315,"param":{"paramName":"hyp|fl_gamma","paramValue":0.0,"source":"manual","step":null}},"type":"parameter_msg"}
{"payload":{"local_timestamp":1694482195315,"param":{"paramName":"hyp|fliplr","paramValue":0.5,"source":"manual","step":null}},"type":"parameter_msg"}
{"payload":{"local_timestamp":1694482195315,"param":{"paramName":"hyp|flipud","paramValue":0.0,"source":"manual","step":null}},"type":"parameter_msg"}
{"payload":{"local_timestamp":1694482195315,"param":{"paramName":"hyp|hsv_h","paramValue":0.015,"source":"manual","step":null}},"type":"parameter_msg"}
{"payload":{"local_timestamp":1694482195315,"param":{"paramName":"hyp|hsv_s","paramValue":0.7,"source":"manual","step":null}},"type":"parameter_msg"}
{"payload":{"local_timestamp":1694482195315,"param":{"paramName":"hyp|hsv_v","paramValue":0.4,"source":"manual","step":null}},"type":"parameter_msg"}
{"payload":{"local_timestamp":1694482195315,"param":{"paramName":"hyp|iou_t","paramValue":0.2,"source":"manual","step":null}},"type":"parameter_msg"}
{"payload":{"local_timestamp":1694482195315,"param":{"paramName":"hyp|lr0","paramValue":0.01,"source":"manual","step":null}},"type":"parameter_msg"}
{"payload":{"local_timestamp":1694482195315,"param":{"paramName":"hyp|lrf","paramValue":0.01,"source":"manual","step":null}},"type":"parameter_msg"}
{"payload":{"local_timestamp":1694482195315,"param":{"paramName":"hyp|mixup","paramValue":0.0,"source":"manual","step":null}},"type":"parameter_msg"}
{"payload":{"local_timestamp":1694482195315,"param":{"paramName":"hyp|momentum","paramValue":0.937,"source":"manual","step":null}},"type":"parameter_msg"}
{"payload":{"local_timestamp":1694482195315,"param":{"paramName":"hyp|mosaic","paramValue":1.0,"source":"manual","step":null}},"type":"parameter_msg"}
{"payload":{"local_timestamp":1694482195315,"param":{"paramName":"hyp|obj","paramValue":1.0,"source":"manual","step":null}},"type":"parameter_msg"}
{"payload":{"local_timestamp":1694482195315,"param":{"paramName":"hyp|obj_pw","paramValue":1.0,"source":"manual","step":null}},"type":"parameter_msg"}
{"payload":{"local_timestamp":1694482195315,"param":{"paramName":"hyp|perspective","paramValue":0.0,"source":"manual","step":null}},"type":"parameter_msg"}
{"payload":{"local_timestamp":1694482195315,"param":{"paramName":"hyp|scale","paramValue":0.5,"source":"manual","step":null}},"type":"parameter_msg"}
{"payload":{"local_timestamp":1694482195315,"param":{"paramName":"hyp|shear","paramValue":0.0,"source":"manual","step":null}},"type":"parameter_msg"}
{"payload":{"local_timestamp":1694482195315,"param":{"paramName":"hyp|translate","paramValue":0.1,"source":"manual","step":null}},"type":"parameter_msg"}
{"payload":{"local_timestamp":1694482195315,"param":{"paramName":"hyp|warmup_bias_lr","paramValue":0.1,"source":"manual","step":null}},"type":"parameter_msg"}
{"payload":{"local_timestamp":1694482195315,"param":{"paramName":"hyp|warmup_epochs","paramValue":3.0,"source":"manual","step":null}},"type":"parameter_msg"}
{"payload":{"local_timestamp":1694482195315,"param":{"paramName":"hyp|warmup_momentum","paramValue":0.8,"source":"manual","step":null}},"type":"parameter_msg"}
{"payload":{"local_timestamp":1694482195315,"param":{"paramName":"hyp|weight_decay","paramValue":0.0005,"source":"manual","step":null}},"type":"parameter_msg"}
{"payload":{"local_timestamp":1694482195315,"param":{"paramName":"image_weights","paramValue":false,"source":"manual","step":null}},"type":"parameter_msg"}
{"payload":{"local_timestamp":1694482195315,"param":{"paramName":"imgsz","paramValue":640,"source":"manual","step":null}},"type":"parameter_msg"}
{"payload":{"local_timestamp":1694482195315,"param":{"paramName":"label_smoothing","paramValue":0.0,"source":"manual","step":null}},"type":"parameter_msg"}
{"payload":{"local_timestamp":1694482195315,"param":{"paramName":"local_rank","paramValue":-1,"source":"manual","step":null}},"type":"parameter_msg"}
{"payload":{"local_timestamp":1694482195315,"param":{"paramName":"multi_scale","paramValue":false,"source":"manual","step":null}},"type":"parameter_msg"}
{"payload":{"local_timestamp":1694482195315,"param":{"paramName":"name","paramValue":"exp","source":"manual","step":null}},"type":"parameter_msg"}
{"payload":{"local_timestamp":1694482195315,"param":{"paramName":"noautoanchor","paramValue":false,"source":"manual","step":null}},"type":"parameter_msg"}
{"payload":{"local_timestamp":1694482195315,"param":{"paramName":"noplots","paramValue":false,"source":"manual","step":null}},"type":"parameter_msg"}
{"payload":{"local_timestamp":1694482195315,"param":{"paramName":"nosave","paramValue":false,"source":"manual","step":null}},"type":"parameter_msg"}
{"payload":{"local_timestamp":1694482195315,"param":{"paramName":"noval","paramValue":false,"source":"manual","step":null}},"type":"parameter_msg"}
{"payload":{"local_timestamp":1694482195315,"param":{"paramName":"optimizer","paramValue":"SGD","source":"manual","step":null}},"type":"parameter_msg"}
{"payload":{"local_timestamp":1694482195315,"param":{"paramName":"patience","paramValue":100,"source":"manual","step":null}},"type":"parameter_msg"}
{"payload":{"local_timestamp":1694482195315,"param":{"paramName":"project","paramValue":"runs\\train","source":"manual","step":null}},"type":"parameter_msg"}
{"payload":{"local_timestamp":1694482195315,"param":{"paramName":"quad","paramValue":false,"source":"manual","step":null}},"type":"parameter_msg"}
{"payload":{"local_timestamp":1694482195315,"param":{"paramName":"rect","paramValue":false,"source":"manual","step":null}},"type":"parameter_msg"}
{"payload":{"local_timestamp":1694482195315,"param":{"paramName":"resume","paramValue":false,"source":"manual","step":null}},"type":"parameter_msg"}
{"payload":{"local_timestamp":1694482195315,"param":{"paramName":"save_dir","paramValue":"runs\\train\\exp3","source":"manual","step":null}},"type":"parameter_msg"}
{"payload":{"local_timestamp":1694482195315,"param":{"paramName":"save_period","paramValue":-1,"source":"manual","step":null}},"type":"parameter_msg"}
{"payload":{"local_timestamp":1694482195315,"param":{"paramName":"seed","paramValue":0,"source":"manual","step":null}},"type":"parameter_msg"}
{"payload":{"local_timestamp":1694482195315,"param":{"paramName":"single_cls","paramValue":false,"source":"manual","step":null}},"type":"parameter_msg"}
{"payload":{"local_timestamp":1694482195315,"param":{"paramName":"sync_bn","paramValue":false,"source":"manual","step":null}},"type":"parameter_msg"}
{"payload":{"local_timestamp":1694482195315,"param":{"paramName":"upload_dataset","paramValue":false,"source":"manual","step":null}},"type":"parameter_msg"}
{"payload":{"local_timestamp":1694482195315,"param":{"paramName":"workers","paramValue":8,"source":"manual","step":null}},"type":"parameter_msg"}
{"payload":{"local_timestamp":1694482195315,"param":{"paramName":"anchor_t","paramValue":4.0,"source":"manual","step":null}},"type":"parameter_msg"}
{"payload":{"local_timestamp":1694482195315,"param":{"paramName":"box","paramValue":0.05,"source":"manual","step":null}},"type":"parameter_msg"}
{"payload":{"local_timestamp":1694482195315,"param":{"paramName":"cls","paramValue":0.5,"source":"manual","step":null}},"type":"parameter_msg"}
{"payload":{"local_timestamp":1694482195315,"param":{"paramName":"cls_pw","paramValue":1.0,"source":"manual","step":null}},"type":"parameter_msg"}
{"payload":{"local_timestamp":1694482195315,"param":{"paramName":"copy_paste","paramValue":0.0,"source":"manual","step":null}},"type":"parameter_msg"}
{"payload":{"local_timestamp":1694482195315,"param":{"paramName":"degrees","paramValue":0.0,"source":"manual","step":null}},"type":"parameter_msg"}
{"payload":{"local_timestamp":1694482195315,"param":{"paramName":"fl_gamma","paramValue":0.0,"source":"manual","step":null}},"type":"parameter_msg"}
{"payload":{"local_timestamp":1694482195315,"param":{"paramName":"fliplr","paramValue":0.5,"source":"manual","step":null}},"type":"parameter_msg"}
{"payload":{"local_timestamp":1694482195315,"param":{"paramName":"flipud","paramValue":0.0,"source":"manual","step":null}},"type":"parameter_msg"}
{"payload":{"local_timestamp":1694482195315,"param":{"paramName":"hsv_h","paramValue":0.015,"source":"manual","step":null}},"type":"parameter_msg"}
{"payload":{"local_timestamp":1694482195315,"param":{"paramName":"hsv_s","paramValue":0.7,"source":"manual","step":null}},"type":"parameter_msg"}
{"payload":{"local_timestamp":1694482195315,"param":{"paramName":"hsv_v","paramValue":0.4,"source":"manual","step":null}},"type":"parameter_msg"}
{"payload":{"local_timestamp":1694482195315,"param":{"paramName":"iou_t","paramValue":0.2,"source":"manual","step":null}},"type":"parameter_msg"}
{"payload":{"local_timestamp":1694482195315,"param":{"paramName":"lr0","paramValue":0.01,"source":"manual","step":null}},"type":"parameter_msg"}
{"payload":{"local_timestamp":1694482195315,"param":{"paramName":"lrf","paramValue":0.01,"source":"manual","step":null}},"type":"parameter_msg"}
{"payload":{"local_timestamp":1694482195315,"param":{"paramName":"mixup","paramValue":0.0,"source":"manual","step":null}},"type":"parameter_msg"}
{"payload":{"local_timestamp":1694482195315,"param":{"paramName":"momentum","paramValue":0.937,"source":"manual","step":null}},"type":"parameter_msg"}
{"payload":{"local_timestamp":1694482195315,"param":{"paramName":"mosaic","paramValue":1.0,"source":"manual","step":null}},"type":"parameter_msg"}
{"payload":{"local_timestamp":1694482195315,"param":{"paramName":"obj","paramValue":1.0,"source":"manual","step":null}},"type":"parameter_msg"}
{"payload":{"local_timestamp":1694482195315,"param":{"paramName":"obj_pw","paramValue":1.0,"source":"manual","step":null}},"type":"parameter_msg"}
{"payload":{"local_timestamp":1694482195315,"param":{"paramName":"perspective","paramValue":0.0,"source":"manual","step":null}},"type":"parameter_msg"}
{"payload":{"local_timestamp":1694482195315,"param":{"paramName":"scale","paramValue":0.5,"source":"manual","step":null}},"type":"parameter_msg"}
{"payload":{"local_timestamp":1694482195315,"param":{"paramName":"shear","paramValue":0.0,"source":"manual","step":null}},"type":"parameter_msg"}
{"payload":{"local_timestamp":1694482195315,"param":{"paramName":"translate","paramValue":0.1,"source":"manual","step":null}},"type":"parameter_msg"}
{"payload":{"local_timestamp":1694482195315,"param":{"paramName":"warmup_bias_lr","paramValue":0.1,"source":"manual","step":null}},"type":"parameter_msg"}
{"payload":{"local_timestamp":1694482195315,"param":{"paramName":"warmup_epochs","paramValue":3.0,"source":"manual","step":null}},"type":"parameter_msg"}
{"payload":{"local_timestamp":1694482195315,"param":{"paramName":"warmup_momentum","paramValue":0.8,"source":"manual","step":null}},"type":"parameter_msg"}
{"payload":{"local_timestamp":1694482195315,"param":{"paramName":"weight_decay","paramValue":0.0005,"source":"manual","step":null}},"type":"parameter_msg"}
{"payload":{"additional_params":{"assetId":"ed52f1d1f7b64363a2205e8112a71076","context":null,"epoch":null,"extension":"json","fileName":"hyperparameters.json","overwrite":false,"runId":null,"step":null},"clean":true,"file_path":"tmpe_wqppoy","local_timestamp":1694482195325,"metadata":{"type":"hyp-config-file"},"upload_type":"asset"},"type":"file_upload"}
{"payload":{"additional_params":{"assetId":"b4bd96b44eed482884dc00f05f445278","context":null,"extension":"yaml","fileName":"opt.yaml","overwrite":false,"runId":null,"step":null},"clean":true,"file_path":"tmp9adn6pch","local_timestamp":1694482195325,"metadata":{"type":"opt-config-file"},"upload_type":"asset"},"type":"file_upload"}
{"payload":{"local_timestamp":1694482195325,"param":{"paramName":"val_conf_threshold","paramValue":0.001,"source":"manual","step":null}},"type":"parameter_msg"}
{"payload":{"local_timestamp":1694482195325,"param":{"paramName":"val_iou_threshold","paramValue":0.6,"source":"manual","step":null}},"type":"parameter_msg"}
{"payload":{"local_timestamp":1694482195325,"log_other":{"key":"comet_mode","val":"online"}},"type":"ws_msg"}
{"payload":{"local_timestamp":1694482195325,"log_other":{"key":"comet_max_image_uploads","val":100}},"type":"ws_msg"}
{"payload":{"local_timestamp":1694482195325,"log_other":{"key":"comet_log_per_class_metrics","val":false}},"type":"ws_msg"}
{"payload":{"local_timestamp":1694482195325,"log_other":{"key":"comet_log_batch_metrics","val":false}},"type":"ws_msg"}
{"payload":{"local_timestamp":1694482195325,"log_other":{"key":"comet_log_confusion_matrix","val":true}},"type":"ws_msg"}
{"payload":{"local_timestamp":1694482195325,"log_other":{"key":"comet_model_name","val":"yolov5"}},"type":"ws_msg"}
{"payload":{"local_timestamp":1694482195406,"stderr":true,"stdout":"Overriding model.yaml nc=80 with nc=10\n"},"type":"ws_msg"}
{"payload":{"local_timestamp":1694482195406,"stderr":true,"stdout":"\n                 from  n    params  module                                  arguments                     \n"},"type":"ws_msg"}
{"payload":{"local_timestamp":1694482195416,"stderr":true,"stdout":"  0                -1  1      3520  models.common.Conv                      [3, 32, 6, 2, 2]              \n"},"type":"ws_msg"}
{"payload":{"local_timestamp":1694482195416,"stderr":true,"stdout":"  1                -1  1     18560  models.common.Conv                      [32, 64, 3, 2]                \n"},"type":"ws_msg"}
{"payload":{"local_timestamp":1694482195416,"stderr":true,"stdout":"  2                -1  1     18816  models.common.C3                        [64, 64, 1]                   \n"},"type":"ws_msg"}
{"payload":{"local_timestamp":1694482195416,"stderr":true,"stdout":"  3                -1  1     73984  models.common.Conv                      [64, 128, 3, 2]               \n"},"type":"ws_msg"}
{"payload":{"local_timestamp":1694482195426,"stderr":true,"stdout":"  4                -1  2    115712  models.common.C3                        [128, 128, 2]                 \n"},"type":"ws_msg"}
{"payload":{"local_timestamp":1694482195426,"stderr":true,"stdout":"  5                -1  1    295424  models.common.Conv                      [128, 256, 3, 2]              \n"},"type":"ws_msg"}
{"payload":{"local_timestamp":1694482195436,"stderr":true,"stdout":"  6                -1  3    625152  models.common.C3                        [256, 256, 3]                 \n"},"type":"ws_msg"}
{"payload":{"local_timestamp":1694482195446,"stderr":true,"stdout":"  7                -1  1   1180672  models.common.Conv                      [256, 512, 3, 2]              \n"},"type":"ws_msg"}
{"payload":{"local_timestamp":1694482195456,"stderr":true,"stdout":"  8                -1  1   1182720  models.common.C3                        [512, 512, 1]                 \n"},"type":"ws_msg"}
{"payload":{"local_timestamp":1694482195456,"stderr":true,"stdout":"  9                -1  1    656896  models.common.SPPF                      [512, 512, 5]                 \n"},"type":"ws_msg"}
{"payload":{"local_timestamp":1694482195456,"stderr":true,"stdout":" 10                -1  1    131584  models.common.Conv                      [512, 256, 1, 1]              \n"},"type":"ws_msg"}
{"payload":{"local_timestamp":1694482195456,"stderr":true,"stdout":" 11                -1  1         0  torch.nn.modules.upsampling.Upsample    [None, 2, 'nearest']          \n"},"type":"ws_msg"}
{"payload":{"local_timestamp":1694482195456,"stderr":true,"stdout":" 12           [-1, 6]  1         0  models.common.Concat                    [1]                           \n"},"type":"ws_msg"}
{"payload":{"local_timestamp":1694482195466,"stderr":true,"stdout":" 13                -1  1    361984  models.common.C3                        [512, 256, 1, False]          \n"},"type":"ws_msg"}
{"payload":{"local_timestamp":1694482195466,"stderr":true,"stdout":" 14                -1  1     33024  models.common.Conv                      [256, 128, 1, 1]              \n"},"type":"ws_msg"}
{"payload":{"local_timestamp":1694482195466,"stderr":true,"stdout":" 15                -1  1         0  torch.nn.modules.upsampling.Upsample    [None, 2, 'nearest']          \n"},"type":"ws_msg"}
{"payload":{"local_timestamp":1694482195466,"stderr":true,"stdout":" 16           [-1, 4]  1         0  models.common.Concat                    [1]                           \n"},"type":"ws_msg"}
{"payload":{"local_timestamp":1694482195466,"stderr":true,"stdout":" 17                -1  1     90880  models.common.C3                        [256, 128, 1, False]          \n"},"type":"ws_msg"}
{"payload":{"local_timestamp":1694482195466,"stderr":true,"stdout":" 18                -1  1    147712  models.common.Conv                      [128, 128, 3, 2]              \n"},"type":"ws_msg"}
{"payload":{"local_timestamp":1694482195466,"stderr":true,"stdout":" 19          [-1, 14]  1         0  models.common.Concat                    [1]                           \n"},"type":"ws_msg"}
{"payload":{"local_timestamp":1694482195476,"stderr":true,"stdout":" 20                -1  1    296448  models.common.C3                        [256, 256, 1, False]          \n"},"type":"ws_msg"}
{"payload":{"local_timestamp":1694482195476,"stderr":true,"stdout":" 21                -1  1    590336  models.common.Conv                      [256, 256, 3, 2]              \n"},"type":"ws_msg"}
{"payload":{"local_timestamp":1694482195476,"stderr":true,"stdout":" 22          [-1, 10]  1         0  models.common.Concat                    [1]                           \n"},"type":"ws_msg"}
{"payload":{"local_timestamp":1694482195487,"stderr":true,"stdout":" 23                -1  1   1182720  models.common.C3                        [512, 512, 1, False]          \n"},"type":"ws_msg"}
{"payload":{"local_timestamp":1694482195487,"stderr":true,"stdout":" 24      [17, 20, 23]  1     40455  models.yolo.Detect                      [10, [[10, 13, 16, 30, 33, 23], [30, 61, 62, 45, 59, 119], [116, 90, 156, 198, 373, 326]], [128, 256, 512]]\n"},"type":"ws_msg"}
{"payload":{"git_meta":{"branch":"refs/heads/master","origin":"https://github.com/ultralytics/yolov5.git","parent":"8c45e51c74aa66c51300ceb58ef4f94f6f46e699","repo_name":"yolov5","root":"1e84a23f38fad9e52b59101e9f1246d93066ed1e","status":null,"user":null},"local_timestamp":1694482195852},"type":"ws_msg"}
{"payload":{"local_timestamp":1694482195852,"stderr":true,"stdout":"Model summary: 214 layers, 7046599 parameters, 7046599 gradients, 16.0 GFLOPs\n"},"type":"ws_msg"}
{"payload":{"local_timestamp":1694482195852,"stderr":true,"stdout":"\n"},"type":"ws_msg"}
{"payload":{"local_timestamp":1694482195883,"stderr":true,"stdout":"Transferred 343/349 items from yolov5s.pt\n"},"type":"ws_msg"}
{"payload":{"local_timestamp":1694482195893,"stderr":true,"stdout":"\u001b[34m\u001b[1moptimizer:\u001b[0m SGD(lr=0.01) with parameter groups 57 weight(decay=0.0), 60 weight(decay=0.0005), 60 bias\n"},"type":"ws_msg"}
{"payload":{"local_timestamp":1694482196450,"stderr":true,"stdout":"\r\u001b[34m\u001b[1mtrain: \u001b[0mScanning C:\\content\\datasets\\Deteksi-Angka-Pada-Meteran-Air-Analog-3\\train\\labels.cache... 1467 images, 2 backgrounds, 0 corrupt: 100%|\u2588\u2588\u2588\u2588\u2588\u2588\u2588\u2588\u2588\u2588| 1467/1467 [00:00<?, ?it/s]"},"type":"ws_msg"}
{"payload":{"local_timestamp":1694482196450,"stderr":true,"stdout":"\r\u001b[34m\u001b[1mtrain: \u001b[0mScanning C:\\content\\datasets\\Deteksi-Angka-Pada-Meteran-Air-Analog-3\\train\\labels.cache... 1467 images, 2 backgrounds, 0 corrupt: 100%|\u2588\u2588\u2588\u2588\u2588\u2588\u2588\u2588\u2588\u2588| 1467/1467 [00:00<?, ?it/s]"},"type":"ws_msg"}
{"payload":{"local_timestamp":1694482196450,"stderr":true,"stdout":"\n"},"type":"ws_msg"}
{"payload":{"local_timestamp":1694482196622,"stderr":true,"stdout":"\r  0%|          | 0/1467 [00:00<?, ?it/s]"},"type":"ws_msg"}
{"payload":{"local_timestamp":1694482196723,"stderr":true,"stdout":"\r\u001b[34m\u001b[1mtrain: \u001b[0mCaching images (0.0GB ram):   2%|\u258f         | 30/1467 [00:00<00:04, 298.15it/s]"},"type":"ws_msg"}
{"payload":{"local_timestamp":1694482196826,"stderr":true,"stdout":"\r\u001b[34m\u001b[1mtrain: \u001b[0mCaching images (0.1GB ram):   4%|\u258d         | 66/1467 [00:00<00:04, 329.22it/s]"},"type":"ws_msg"}
{"payload":{"local_timestamp":1694482196928,"stderr":true,"stdout":"\r\u001b[34m\u001b[1mtrain: \u001b[0mCaching images (0.1GB ram):   7%|\u258b         | 101/1467 [00:00<00:04, 335.62it/s]"},"type":"ws_msg"}
{"payload":{"local_timestamp":1694482197029,"stderr":true,"stdout":"\r\u001b[34m\u001b[1mtrain: \u001b[0mCaching images (0.1GB ram):   9%|\u2589         | 137/1467 [00:00<00:03, 343.05it/s]"},"type":"ws_msg"}
{"payload":{"local_timestamp":1694482197131,"stderr":true,"stdout":"\r\u001b[34m\u001b[1mtrain: \u001b[0mCaching images (0.1GB ram):  12%|\u2588\u258f        | 172/1467 [00:00<00:03, 343.52it/s]"},"type":"ws_msg"}
{"payload":{"local_timestamp":1694482197232,"stderr":true,"stdout":"\r\u001b[34m\u001b[1mtrain: \u001b[0mCaching images (0.2GB ram):  14%|\u2588\u258d        | 209/1467 [00:00<00:03, 350.32it/s]"},"type":"ws_msg"}
{"payload":{"local_timestamp":1694482197345,"stderr":true,"stdout":"\r\u001b[34m\u001b[1mtrain: \u001b[0mCaching images (0.2GB ram):  17%|\u2588\u258b        | 245/1467 [00:00<00:03, 339.59it/s]"},"type":"ws_msg"}
{"payload":{"local_timestamp":1694482197446,"stderr":true,"stdout":"\r\u001b[34m\u001b[1mtrain: \u001b[0mCaching images (0.2GB ram):  19%|\u2588\u2589        | 280/1467 [00:00<00:03, 341.58it/s]"},"type":"ws_msg"}
{"payload":{"local_timestamp":1694482197547,"stderr":true,"stdout":"\r\u001b[34m\u001b[1mtrain: \u001b[0mCaching images (0.3GB ram):  21%|\u2588\u2588\u258f       | 315/1467 [00:00<00:03, 343.46it/s]"},"type":"ws_msg"}
{"payload":{"local_timestamp":1694482197659,"stderr":true,"stdout":"\r\u001b[34m\u001b[1mtrain: \u001b[0mCaching images (0.3GB ram):  24%|\u2588\u2588\u258d       | 350/1467 [00:01<00:03, 333.53it/s]"},"type":"ws_msg"}
{"payload":{"local_timestamp":1694482197760,"stderr":true,"stdout":"\r\u001b[34m\u001b[1mtrain: \u001b[0mCaching images (0.3GB ram):  26%|\u2588\u2588\u258c       | 384/1467 [00:01<00:03, 334.01it/s]"},"type":"ws_msg"}
{"payload":{"local_timestamp":1694482197863,"stderr":true,"stdout":"\r\u001b[34m\u001b[1mtrain: \u001b[0mCaching images (0.4GB ram):  28%|\u2588\u2588\u258a       | 418/1467 [00:01<00:03, 333.20it/s]"},"type":"ws_msg"}
{"payload":{"local_timestamp":1694482197967,"stderr":true,"stdout":"\r\u001b[34m\u001b[1mtrain: \u001b[0mCaching images (0.4GB ram):  31%|\u2588\u2588\u2588       | 452/1467 [00:01<00:03, 331.48it/s]"},"type":"ws_msg"}
{"payload":{"local_timestamp":1694482198069,"stderr":true,"stdout":"\r\u001b[34m\u001b[1mtrain: \u001b[0mCaching images (0.4GB ram):  33%|\u2588\u2588\u2588\u258e      | 486/1467 [00:01<00:02, 331.41it/s]"},"type":"ws_msg"}
{"payload":{"local_timestamp":1694482198170,"stderr":true,"stdout":"\r\u001b[34m\u001b[1mtrain: \u001b[0mCaching images (0.4GB ram):  35%|\u2588\u2588\u2588\u258c      | 520/1467 [00:01<00:02, 333.00it/s]"},"type":"ws_msg"}
{"payload":{"local_timestamp":1694482198274,"stderr":true,"stdout":"\r\u001b[34m\u001b[1mtrain: \u001b[0mCaching images (0.5GB ram):  38%|\u2588\u2588\u2588\u258a      | 554/1467 [00:01<00:02, 331.65it/s]"},"type":"ws_msg"}
{"payload":{"local_timestamp":1694482198378,"stderr":true,"stdout":"\r\u001b[34m\u001b[1mtrain: \u001b[0mCaching images (0.5GB ram):  40%|\u2588\u2588\u2588\u2588      | 588/1467 [00:01<00:02, 329.56it/s]"},"type":"ws_msg"}
{"payload":{"local_timestamp":1694482198480,"stderr":true,"stdout":"\r\u001b[34m\u001b[1mtrain: \u001b[0mCaching images (0.5GB ram):  42%|\u2588\u2588\u2588\u2588\u258f     | 621/1467 [00:01<00:02, 328.00it/s]"},"type":"ws_msg"}
{"payload":{"local_timestamp":1694482198582,"stderr":true,"stdout":"\r\u001b[34m\u001b[1mtrain: \u001b[0mCaching images (0.6GB ram):  45%|\u2588\u2588\u2588\u2588\u258d     | 654/1467 [00:01<00:02, 326.80it/s]"},"type":"ws_msg"}
{"payload":{"local_timestamp":1694482198683,"stderr":true,"stdout":"\r\u001b[34m\u001b[1mtrain: \u001b[0mCaching images (0.6GB ram):  47%|\u2588\u2588\u2588\u2588\u258b     | 689/1467 [00:02<00:02, 332.66it/s]"},"type":"ws_msg"}
{"payload":{"local_timestamp":1694482198785,"stderr":true,"stdout":"\r\u001b[34m\u001b[1mtrain: \u001b[0mCaching images (0.6GB ram):  49%|\u2588\u2588\u2588\u2588\u2589     | 725/1467 [00:02<00:02, 338.97it/s]"},"type":"ws_msg"}
{"payload":{"local_timestamp":1694482198886,"stderr":true,"stdout":"\r\u001b[34m\u001b[1mtrain: \u001b[0mCaching images (0.7GB ram):  52%|\u2588\u2588\u2588\u2588\u2588\u258f    | 759/1467 [00:02<00:02, 338.44it/s]"},"type":"ws_msg"}
{"payload":{"local_timestamp":1694482198986,"stderr":true,"stdout":"\r\u001b[34m\u001b[1mtrain: \u001b[0mCaching images (0.7GB ram):  54%|\u2588\u2588\u2588\u2588\u2588\u258d    | 795/1467 [00:02<00:01, 344.04it/s]"},"type":"ws_msg"}
{"payload":{"local_timestamp":1694482199089,"stderr":true,"stdout":"\r\u001b[34m\u001b[1mtrain: \u001b[0mCaching images (0.7GB ram):  57%|\u2588\u2588\u2588\u2588\u2588\u258b    | 831/1467 [00:02<00:01, 346.53it/s]"},"type":"ws_msg"}
{"payload":{"local_timestamp":1694482199190,"stderr":true,"stdout":"\r\u001b[34m\u001b[1mtrain: \u001b[0mCaching images (0.7GB ram):  59%|\u2588\u2588\u2588\u2588\u2588\u2589    | 866/1467 [00:02<00:01, 346.23it/s]"},"type":"ws_msg"}
{"payload":{"local_timestamp":1694482199296,"stderr":true,"stdout":"\r\u001b[34m\u001b[1mtrain: \u001b[0mCaching images (0.8GB ram):  61%|\u2588\u2588\u2588\u2588\u2588\u2588\u258f   | 902/1467 [00:02<00:01, 343.99it/s]"},"type":"ws_msg"}
{"payload":{"local_timestamp":1694482199456,"stderr":true,"stdout":"\r\u001b[34m\u001b[1mtrain: \u001b[0mCaching images (0.8GB ram):  64%|\u2588\u2588\u2588\u2588\u2588\u2588\u258d   | 937/1467 [00:02<00:01, 293.91it/s]"},"type":"ws_msg"}
{"payload":{"local_timestamp":1694482199557,"stderr":true,"stdout":"\r\u001b[34m\u001b[1mtrain: \u001b[0mCaching images (0.8GB ram):  66%|\u2588\u2588\u2588\u2588\u2588\u2588\u258c   | 969/1467 [00:02<00:01, 300.05it/s]"},"type":"ws_msg"}
{"payload":{"local_timestamp":1694482199659,"stderr":true,"stdout":"\r\u001b[34m\u001b[1mtrain: \u001b[0mCaching images (0.9GB ram):  68%|\u2588\u2588\u2588\u2588\u2588\u2588\u258a   | 1000/1467 [00:03<00:01, 300.99it/s]"},"type":"ws_msg"}
{"payload":{"local_timestamp":1694482199760,"stderr":true,"stdout":"\r\u001b[34m\u001b[1mtrain: \u001b[0mCaching images (0.9GB ram):  71%|\u2588\u2588\u2588\u2588\u2588\u2588\u2588   | 1036/1467 [00:03<00:01, 316.56it/s]"},"type":"ws_msg"}
{"payload":{"local_timestamp":1694482199862,"stderr":true,"stdout":"\r\u001b[34m\u001b[1mtrain: \u001b[0mCaching images (0.9GB ram):  73%|\u2588\u2588\u2588\u2588\u2588\u2588\u2588\u258e  | 1069/1467 [00:03<00:01, 318.76it/s]"},"type":"ws_msg"}
{"payload":{"local_timestamp":1694482199963,"stderr":true,"stdout":"\r\u001b[34m\u001b[1mtrain: \u001b[0mCaching images (0.9GB ram):  75%|\u2588\u2588\u2588\u2588\u2588\u2588\u2588\u258c  | 1104/1467 [00:03<00:01, 326.98it/s]"},"type":"ws_msg"}
{"payload":{"local_timestamp":1694482200064,"stderr":true,"stdout":"\r\u001b[34m\u001b[1mtrain: \u001b[0mCaching images (1.0GB ram):  78%|\u2588\u2588\u2588\u2588\u2588\u2588\u2588\u258a  | 1138/1467 [00:03<00:00, 329.83it/s]"},"type":"ws_msg"}
{"payload":{"local_timestamp":1694482200166,"stderr":true,"stdout":"\r\u001b[34m\u001b[1mtrain: \u001b[0mCaching images (1.0GB ram):  80%|\u2588\u2588\u2588\u2588\u2588\u2588\u2588\u2589  | 1172/1467 [00:03<00:00, 330.62it/s]"},"type":"ws_msg"}
{"payload":{"local_timestamp":1694482200267,"stderr":true,"stdout":"\r\u001b[34m\u001b[1mtrain: \u001b[0mCaching images (1.0GB ram):  82%|\u2588\u2588\u2588\u2588\u2588\u2588\u2588\u2588\u258f | 1209/1467 [00:03<00:00, 341.46it/s]"},"type":"ws_msg"}
{"payload":{"local_timestamp":1694482200383,"stderr":true,"stdout":"\r\u001b[34m\u001b[1mtrain: \u001b[0mCaching images (1.1GB ram):  85%|\u2588\u2588\u2588\u2588\u2588\u2588\u2588\u2588\u258d | 1244/1467 [00:03<00:00, 327.90it/s]"},"type":"ws_msg"}
{"payload":{"local_timestamp":1694482200485,"stderr":true,"stdout":"\r\u001b[34m\u001b[1mtrain: \u001b[0mCaching images (1.1GB ram):  87%|\u2588\u2588\u2588\u2588\u2588\u2588\u2588\u2588\u258b | 1277/1467 [00:03<00:00, 326.52it/s]"},"type":"ws_msg"}
{"payload":{"local_timestamp":1694482200586,"stderr":true,"stdout":"\r\u001b[34m\u001b[1mtrain: \u001b[0mCaching images (1.1GB ram):  89%|\u2588\u2588\u2588\u2588\u2588\u2588\u2588\u2588\u2589 | 1310/1467 [00:03<00:00, 326.74it/s]"},"type":"ws_msg"}
{"payload":{"local_timestamp":1694482200689,"stderr":true,"stdout":"\r\u001b[34m\u001b[1mtrain: \u001b[0mCaching images (1.2GB ram):  92%|\u2588\u2588\u2588\u2588\u2588\u2588\u2588\u2588\u2588\u258f| 1344/1467 [00:04<00:00, 328.45it/s]"},"type":"ws_msg"}
{"payload":{"local_timestamp":1694482200789,"stderr":true,"stdout":"\r\u001b[34m\u001b[1mtrain: \u001b[0mCaching images (1.2GB ram):  94%|\u2588\u2588\u2588\u2588\u2588\u2588\u2588\u2588\u2588\u258d| 1380/1467 [00:04<00:00, 336.90it/s]"},"type":"ws_msg"}
{"payload":{"local_timestamp":1694482200890,"stderr":true,"stdout":"\r\u001b[34m\u001b[1mtrain: \u001b[0mCaching images (1.2GB ram):  96%|\u2588\u2588\u2588\u2588\u2588\u2588\u2588\u2588\u2588\u258b| 1414/1467 [00:04<00:00, 337.00it/s]"},"type":"ws_msg"}
{"payload":{"local_timestamp":1694482200992,"stderr":true,"stdout":"\r\u001b[34m\u001b[1mtrain: \u001b[0mCaching images (1.2GB ram):  99%|\u2588\u2588\u2588\u2588\u2588\u2588\u2588\u2588\u2588\u2589| 1450/1467 [00:04<00:00, 341.84it/s]"},"type":"ws_msg"}
{"payload":{"local_timestamp":1694482201038,"stderr":true,"stdout":"\r\u001b[34m\u001b[1mtrain: \u001b[0mCaching images (1.3GB ram): 100%|\u2588\u2588\u2588\u2588\u2588\u2588\u2588\u2588\u2588\u2588| 1467/1467 [00:04<00:00, 332.24it/s]"},"type":"ws_msg"}
{"payload":{"local_timestamp":1694482201038,"stderr":true,"stdout":"\n"},"type":"ws_msg"}
{"payload":{"local_timestamp":1694482249124,"stderr":true,"stdout":"\r\u001b[34m\u001b[1mval: \u001b[0mScanning C:\\content\\datasets\\Deteksi-Angka-Pada-Meteran-Air-Analog-3\\valid\\labels.cache... 140 images, 1 backgrounds, 0 corrupt: 100%|\u2588\u2588\u2588\u2588\u2588\u2588\u2588\u2588\u2588\u2588| 140/140 [00:00<?, ?it/s]"},"type":"ws_msg"}
{"payload":{"local_timestamp":1694482249139,"stderr":true,"stdout":"\r\u001b[34m\u001b[1mval: \u001b[0mScanning C:\\content\\datasets\\Deteksi-Angka-Pada-Meteran-Air-Analog-3\\valid\\labels.cache... 140 images, 1 backgrounds, 0 corrupt: 100%|\u2588\u2588\u2588\u2588\u2588\u2588\u2588\u2588\u2588\u2588| 140/140 [00:00<?, ?it/s]"},"type":"ws_msg"}
{"payload":{"local_timestamp":1694482249150,"stderr":true,"stdout":"\n"},"type":"ws_msg"}
{"payload":{"local_timestamp":1694482249652,"stderr":true,"stdout":"\r  0%|          | 0/140 [00:00<?, ?it/s]"},"type":"ws_msg"}
{"payload":{"local_timestamp":1694482249786,"stderr":true,"stdout":"\r\u001b[34m\u001b[1mval: \u001b[0mCaching images (0.0GB ram):   6%|\u258b         | 9/140 [00:00<00:01, 67.54it/s]"},"type":"ws_msg"}
{"payload":{"local_timestamp":1694482249910,"stderr":true,"stdout":"\r\u001b[34m\u001b[1mval: \u001b[0mCaching images (0.0GB ram):  16%|\u2588\u258c        | 22/140 [00:00<00:01, 88.84it/s]"},"type":"ws_msg"}
{"payload":{"local_timestamp":1694482250042,"stderr":true,"stdout":"\r\u001b[34m\u001b[1mval: \u001b[0mCaching images (0.0GB ram):  26%|\u2588\u2588\u258c       | 36/140 [00:00<00:01, 96.60it/s]"},"type":"ws_msg"}
{"payload":{"local_timestamp":1694482250171,"stderr":true,"stdout":"\r\u001b[34m\u001b[1mval: \u001b[0mCaching images (0.0GB ram):  35%|\u2588\u2588\u2588\u258c      | 49/140 [00:00<00:00, 98.40it/s]"},"type":"ws_msg"}
{"payload":{"local_timestamp":1694482250273,"stderr":true,"stdout":"\r\u001b[34m\u001b[1mval: \u001b[0mCaching images (0.1GB ram):  47%|\u2588\u2588\u2588\u2588\u258b     | 66/140 [00:00<00:00, 119.36it/s]"},"type":"ws_msg"}
{"payload":{"local_timestamp":1694482250396,"stderr":true,"stdout":"\r\u001b[34m\u001b[1mval: \u001b[0mCaching images (0.1GB ram):  62%|\u2588\u2588\u2588\u2588\u2588\u2588\u258f   | 87/140 [00:00<00:00, 137.15it/s]"},"type":"ws_msg"}
{"payload":{"local_timestamp":1694482250512,"stderr":true,"stdout":"\r\u001b[34m\u001b[1mval: \u001b[0mCaching images (0.1GB ram):  76%|\u2588\u2588\u2588\u2588\u2588\u2588\u2588\u258b  | 107/140 [00:00<00:00, 148.40it/s]"},"type":"ws_msg"}
{"payload":{"local_timestamp":1694482250616,"stderr":true,"stdout":"\r\u001b[34m\u001b[1mval: \u001b[0mCaching images (0.1GB ram):  89%|\u2588\u2588\u2588\u2588\u2588\u2588\u2588\u2588\u2589 | 125/140 [00:00<00:00, 155.49it/s]"},"type":"ws_msg"}
{"payload":{"local_timestamp":1694482250714,"stderr":true,"stdout":"\r\u001b[34m\u001b[1mval: \u001b[0mCaching images (0.1GB ram): 100%|\u2588\u2588\u2588\u2588\u2588\u2588\u2588\u2588\u2588\u2588| 140/140 [00:01<00:00, 131.93it/s]"},"type":"ws_msg"}
{"payload":{"local_timestamp":1694482250714,"stderr":true,"stdout":"\n"},"type":"ws_msg"}
{"payload":{"local_timestamp":1694482255799,"metric":{"epoch":null,"metricName":"sys.network.send_bps","metricValue":3126,"step":null}},"type":"metric_msg"}
{"payload":{"local_timestamp":1694482255799,"metric":{"epoch":null,"metricName":"sys.network.receive_bps","metricValue":2410,"step":null}},"type":"metric_msg"}
{"payload":{"local_timestamp":1694482255799,"metric":{"epoch":null,"metricName":"sys.cpu.percent.avg","metricValue":62.225,"step":null}},"type":"metric_msg"}
{"payload":{"local_timestamp":1694482255799,"metric":{"epoch":null,"metricName":"sys.load.avg","metricValue":1.44,"step":null}},"type":"metric_msg"}
{"payload":{"local_timestamp":1694482255799,"metric":{"epoch":null,"metricName":"sys.ram.total","metricValue":12614631424,"step":null}},"type":"metric_msg"}
{"payload":{"local_timestamp":1694482255799,"metric":{"epoch":null,"metricName":"sys.ram.used","metricValue":10999640064,"step":null}},"type":"metric_msg"}
{"payload":{"local_timestamp":1694482284854,"stderr":true,"stdout":"\n\u001b[34m\u001b[1mAutoAnchor: \u001b[0m4.94 anchors/target, 1.000 Best Possible Recall (BPR). Current anchors are a good fit to dataset \n"},"type":"ws_msg"}
{"payload":{"local_timestamp":1694482285281,"stderr":true,"stdout":"Plotting labels to runs\\train\\exp3\\labels.jpg... \n"},"type":"ws_msg"}
{"payload":{"additional_params":{"assetId":"27df6b52ce204791af4facb56262e017","context":null,"extension":"jpg","fileName":"labels.jpg","overwrite":false,"runId":null,"step":null},"clean":true,"file_path":"tmpkald7ue4","local_timestamp":1694482289877,"metadata":{},"upload_type":"asset"},"type":"file_upload"}
{"payload":{"additional_params":{"assetId":"8db416f75aba417e8fbb069afe4cc2a7","context":null,"extension":"jpg","fileName":"labels_correlogram.jpg","overwrite":false,"runId":null,"step":null},"clean":true,"file_path":"tmpik2t_2xf","local_timestamp":1694482289893,"metadata":{},"upload_type":"asset"},"type":"file_upload"}
{"payload":{"local_timestamp":1694482289893,"param":{"paramName":"cls","paramValue":0.0625,"source":"manual","step":null}},"type":"parameter_msg"}
{"payload":{"local_timestamp":1694482289893,"stderr":true,"stdout":"Image sizes 640 train, 640 val\nUsing 4 dataloader workers\nLogging results to \u001b[1mruns\\train\\exp3\u001b[0m\nStarting training for 50 epochs...\n"},"type":"ws_msg"}
{"payload":{"local_timestamp":1694482289893,"stderr":true,"stdout":"\n      Epoch    GPU_mem   box_loss   obj_loss   cls_loss  Instances       Size\n"},"type":"ws_msg"}
{"payload":{"local_timestamp":1694482289893,"stderr":true,"stdout":"\r  0%|          | 0/92 [00:00<?, ?it/s]"},"type":"ws_msg"}
{"payload":{"local_timestamp":1694482316248,"metric":{"epoch":null,"metricName":"sys.network.send_bps","metricValue":1717,"step":null}},"type":"metric_msg"}
{"payload":{"local_timestamp":1694482316254,"metric":{"epoch":null,"metricName":"sys.network.receive_bps","metricValue":9289,"step":null}},"type":"metric_msg"}
{"payload":{"local_timestamp":1694482316248,"metric":{"epoch":null,"metricName":"sys.cpu.percent.avg","metricValue":75.05000000000001,"step":null}},"type":"metric_msg"}
{"payload":{"local_timestamp":1694482316254,"metric":{"epoch":null,"metricName":"sys.load.avg","metricValue":4.47,"step":null}},"type":"metric_msg"}
{"payload":{"local_timestamp":1694482316254,"metric":{"epoch":null,"metricName":"sys.ram.total","metricValue":12614631424,"step":null}},"type":"metric_msg"}
{"payload":{"local_timestamp":1694482316254,"metric":{"epoch":null,"metricName":"sys.ram.used","metricValue":11307880448,"step":null}},"type":"metric_msg"}
{"payload":{"local_timestamp":1694482328036,"param":{"paramName":"curr_step","paramValue":0,"source":"auto-logged","step":0}},"type":"parameter_msg"}
{"payload":{"graph":"DetectionModel(\n  (model): Sequential(\n    (0): Conv(\n      (conv): Conv2d(3, 32, kernel_size=(6, 6), stride=(2, 2), padding=(2, 2), bias=False)\n      (bn): BatchNorm2d(32, eps=0.001, momentum=0.03, affine=True, track_running_stats=True)\n      (act): SiLU(inplace=True)\n    )\n    (1): Conv(\n      (conv): Conv2d(32, 64, kernel_size=(3, 3), stride=(2, 2), padding=(1, 1), bias=False)\n      (bn): BatchNorm2d(64, eps=0.001, momentum=0.03, affine=True, track_running_stats=True)\n      (act): SiLU(inplace=True)\n    )\n    (2): C3(\n      (cv1): Conv(\n        (conv): Conv2d(64, 32, kernel_size=(1, 1), stride=(1, 1), bias=False)\n        (bn): BatchNorm2d(32, eps=0.001, momentum=0.03, affine=True, track_running_stats=True)\n        (act): SiLU(inplace=True)\n      )\n      (cv2): Conv(\n        (conv): Conv2d(64, 32, kernel_size=(1, 1), stride=(1, 1), bias=False)\n        (bn): BatchNorm2d(32, eps=0.001, momentum=0.03, affine=True, track_running_stats=True)\n        (act): SiLU(inplace=True)\n      )\n      (cv3): Conv(\n        (conv): Conv2d(64, 64, kernel_size=(1, 1), stride=(1, 1), bias=False)\n        (bn): BatchNorm2d(64, eps=0.001, momentum=0.03, affine=True, track_running_stats=True)\n        (act): SiLU(inplace=True)\n      )\n      (m): Sequential(\n        (0): Bottleneck(\n          (cv1): Conv(\n            (conv): Conv2d(32, 32, kernel_size=(1, 1), stride=(1, 1), bias=False)\n            (bn): BatchNorm2d(32, eps=0.001, momentum=0.03, affine=True, track_running_stats=True)\n            (act): SiLU(inplace=True)\n          )\n          (cv2): Conv(\n            (conv): Conv2d(32, 32, kernel_size=(3, 3), stride=(1, 1), padding=(1, 1), bias=False)\n            (bn): BatchNorm2d(32, eps=0.001, momentum=0.03, affine=True, track_running_stats=True)\n            (act): SiLU(inplace=True)\n          )\n        )\n      )\n    )\n    (3): Conv(\n      (conv): Conv2d(64, 128, kernel_size=(3, 3), stride=(2, 2), padding=(1, 1), bias=False)\n      (bn): BatchNorm2d(128, eps=0.001, momentum=0.03, affine=True, track_running_stats=True)\n      (act): SiLU(inplace=True)\n    )\n    (4): C3(\n      (cv1): Conv(\n        (conv): Conv2d(128, 64, kernel_size=(1, 1), stride=(1, 1), bias=False)\n        (bn): BatchNorm2d(64, eps=0.001, momentum=0.03, affine=True, track_running_stats=True)\n        (act): SiLU(inplace=True)\n      )\n      (cv2): Conv(\n        (conv): Conv2d(128, 64, kernel_size=(1, 1), stride=(1, 1), bias=False)\n        (bn): BatchNorm2d(64, eps=0.001, momentum=0.03, affine=True, track_running_stats=True)\n        (act): SiLU(inplace=True)\n      )\n      (cv3): Conv(\n        (conv): Conv2d(128, 128, kernel_size=(1, 1), stride=(1, 1), bias=False)\n        (bn): BatchNorm2d(128, eps=0.001, momentum=0.03, affine=True, track_running_stats=True)\n        (act): SiLU(inplace=True)\n      )\n      (m): Sequential(\n        (0): Bottleneck(\n          (cv1): Conv(\n            (conv): Conv2d(64, 64, kernel_size=(1, 1), stride=(1, 1), bias=False)\n            (bn): BatchNorm2d(64, eps=0.001, momentum=0.03, affine=True, track_running_stats=True)\n            (act): SiLU(inplace=True)\n          )\n          (cv2): Conv(\n            (conv): Conv2d(64, 64, kernel_size=(3, 3), stride=(1, 1), padding=(1, 1), bias=False)\n            (bn): BatchNorm2d(64, eps=0.001, momentum=0.03, affine=True, track_running_stats=True)\n            (act): SiLU(inplace=True)\n          )\n        )\n        (1): Bottleneck(\n          (cv1): Conv(\n            (conv): Conv2d(64, 64, kernel_size=(1, 1), stride=(1, 1), bias=False)\n            (bn): BatchNorm2d(64, eps=0.001, momentum=0.03, affine=True, track_running_stats=True)\n            (act): SiLU(inplace=True)\n          )\n          (cv2): Conv(\n            (conv): Conv2d(64, 64, kernel_size=(3, 3), stride=(1, 1), padding=(1, 1), bias=False)\n            (bn): BatchNorm2d(64, eps=0.001, momentum=0.03, affine=True, track_running_stats=True)\n            (act): SiLU(inplace=True)\n          )\n        )\n      )\n    )\n    (5): Conv(\n      (conv): Conv2d(128, 256, kernel_size=(3, 3), stride=(2, 2), padding=(1, 1), bias=False)\n      (bn): BatchNorm2d(256, eps=0.001, momentum=0.03, affine=True, track_running_stats=True)\n      (act): SiLU(inplace=True)\n    )\n    (6): C3(\n      (cv1): Conv(\n        (conv): Conv2d(256, 128, kernel_size=(1, 1), stride=(1, 1), bias=False)\n        (bn): BatchNorm2d(128, eps=0.001, momentum=0.03, affine=True, track_running_stats=True)\n        (act): SiLU(inplace=True)\n      )\n      (cv2): Conv(\n        (conv): Conv2d(256, 128, kernel_size=(1, 1), stride=(1, 1), bias=False)\n        (bn): BatchNorm2d(128, eps=0.001, momentum=0.03, affine=True, track_running_stats=True)\n        (act): SiLU(inplace=True)\n      )\n      (cv3): Conv(\n        (conv): Conv2d(256, 256, kernel_size=(1, 1), stride=(1, 1), bias=False)\n        (bn): BatchNorm2d(256, eps=0.001, momentum=0.03, affine=True, track_running_stats=True)\n        (act): SiLU(inplace=True)\n      )\n      (m): Sequential(\n        (0): Bottleneck(\n          (cv1): Conv(\n            (conv): Conv2d(128, 128, kernel_size=(1, 1), stride=(1, 1), bias=False)\n            (bn): BatchNorm2d(128, eps=0.001, momentum=0.03, affine=True, track_running_stats=True)\n            (act): SiLU(inplace=True)\n          )\n          (cv2): Conv(\n            (conv): Conv2d(128, 128, kernel_size=(3, 3), stride=(1, 1), padding=(1, 1), bias=False)\n            (bn): BatchNorm2d(128, eps=0.001, momentum=0.03, affine=True, track_running_stats=True)\n            (act): SiLU(inplace=True)\n          )\n        )\n        (1): Bottleneck(\n          (cv1): Conv(\n            (conv): Conv2d(128, 128, kernel_size=(1, 1), stride=(1, 1), bias=False)\n            (bn): BatchNorm2d(128, eps=0.001, momentum=0.03, affine=True, track_running_stats=True)\n            (act): SiLU(inplace=True)\n          )\n          (cv2): Conv(\n            (conv): Conv2d(128, 128, kernel_size=(3, 3), stride=(1, 1), padding=(1, 1), bias=False)\n            (bn): BatchNorm2d(128, eps=0.001, momentum=0.03, affine=True, track_running_stats=True)\n            (act): SiLU(inplace=True)\n          )\n        )\n        (2): Bottleneck(\n          (cv1): Conv(\n            (conv): Conv2d(128, 128, kernel_size=(1, 1), stride=(1, 1), bias=False)\n            (bn): BatchNorm2d(128, eps=0.001, momentum=0.03, affine=True, track_running_stats=True)\n            (act): SiLU(inplace=True)\n          )\n          (cv2): Conv(\n            (conv): Conv2d(128, 128, kernel_size=(3, 3), stride=(1, 1), padding=(1, 1), bias=False)\n            (bn): BatchNorm2d(128, eps=0.001, momentum=0.03, affine=True, track_running_stats=True)\n            (act): SiLU(inplace=True)\n          )\n        )\n      )\n    )\n    (7): Conv(\n      (conv): Conv2d(256, 512, kernel_size=(3, 3), stride=(2, 2), padding=(1, 1), bias=False)\n      (bn): BatchNorm2d(512, eps=0.001, momentum=0.03, affine=True, track_running_stats=True)\n      (act): SiLU(inplace=True)\n    )\n    (8): C3(\n      (cv1): Conv(\n        (conv): Conv2d(512, 256, kernel_size=(1, 1), stride=(1, 1), bias=False)\n        (bn): BatchNorm2d(256, eps=0.001, momentum=0.03, affine=True, track_running_stats=True)\n        (act): SiLU(inplace=True)\n      )\n      (cv2): Conv(\n        (conv): Conv2d(512, 256, kernel_size=(1, 1), stride=(1, 1), bias=False)\n        (bn): BatchNorm2d(256, eps=0.001, momentum=0.03, affine=True, track_running_stats=True)\n        (act): SiLU(inplace=True)\n      )\n      (cv3): Conv(\n        (conv): Conv2d(512, 512, kernel_size=(1, 1), stride=(1, 1), bias=False)\n        (bn): BatchNorm2d(512, eps=0.001, momentum=0.03, affine=True, track_running_stats=True)\n        (act): SiLU(inplace=True)\n      )\n      (m): Sequential(\n        (0): Bottleneck(\n          (cv1): Conv(\n            (conv): Conv2d(256, 256, kernel_size=(1, 1), stride=(1, 1), bias=False)\n            (bn): BatchNorm2d(256, eps=0.001, momentum=0.03, affine=True, track_running_stats=True)\n            (act): SiLU(inplace=True)\n          )\n          (cv2): Conv(\n            (conv): Conv2d(256, 256, kernel_size=(3, 3), stride=(1, 1), padding=(1, 1), bias=False)\n            (bn): BatchNorm2d(256, eps=0.001, momentum=0.03, affine=True, track_running_stats=True)\n            (act): SiLU(inplace=True)\n          )\n        )\n      )\n    )\n    (9): SPPF(\n      (cv1): Conv(\n        (conv): Conv2d(512, 256, kernel_size=(1, 1), stride=(1, 1), bias=False)\n        (bn): BatchNorm2d(256, eps=0.001, momentum=0.03, affine=True, track_running_stats=True)\n        (act): SiLU(inplace=True)\n      )\n      (cv2): Conv(\n        (conv): Conv2d(1024, 512, kernel_size=(1, 1), stride=(1, 1), bias=False)\n        (bn): BatchNorm2d(512, eps=0.001, momentum=0.03, affine=True, track_running_stats=True)\n        (act): SiLU(inplace=True)\n      )\n      (m): MaxPool2d(kernel_size=5, stride=1, padding=2, dilation=1, ceil_mode=False)\n    )\n    (10): Conv(\n      (conv): Conv2d(512, 256, kernel_size=(1, 1), stride=(1, 1), bias=False)\n      (bn): BatchNorm2d(256, eps=0.001, momentum=0.03, affine=True, track_running_stats=True)\n      (act): SiLU(inplace=True)\n    )\n    (11): Upsample(scale_factor=2.0, mode='nearest')\n    (12): Concat()\n    (13): C3(\n      (cv1): Conv(\n        (conv): Conv2d(512, 128, kernel_size=(1, 1), stride=(1, 1), bias=False)\n        (bn): BatchNorm2d(128, eps=0.001, momentum=0.03, affine=True, track_running_stats=True)\n        (act): SiLU(inplace=True)\n      )\n      (cv2): Conv(\n        (conv): Conv2d(512, 128, kernel_size=(1, 1), stride=(1, 1), bias=False)\n        (bn): BatchNorm2d(128, eps=0.001, momentum=0.03, affine=True, track_running_stats=True)\n        (act): SiLU(inplace=True)\n      )\n      (cv3): Conv(\n        (conv): Conv2d(256, 256, kernel_size=(1, 1), stride=(1, 1), bias=False)\n        (bn): BatchNorm2d(256, eps=0.001, momentum=0.03, affine=True, track_running_stats=True)\n        (act): SiLU(inplace=True)\n      )\n      (m): Sequential(\n        (0): Bottleneck(\n          (cv1): Conv(\n            (conv): Conv2d(128, 128, kernel_size=(1, 1), stride=(1, 1), bias=False)\n            (bn): BatchNorm2d(128, eps=0.001, momentum=0.03, affine=True, track_running_stats=True)\n            (act): SiLU(inplace=True)\n          )\n          (cv2): Conv(\n            (conv): Conv2d(128, 128, kernel_size=(3, 3), stride=(1, 1), padding=(1, 1), bias=False)\n            (bn): BatchNorm2d(128, eps=0.001, momentum=0.03, affine=True, track_running_stats=True)\n            (act): SiLU(inplace=True)\n          )\n        )\n      )\n    )\n    (14): Conv(\n      (conv): Conv2d(256, 128, kernel_size=(1, 1), stride=(1, 1), bias=False)\n      (bn): BatchNorm2d(128, eps=0.001, momentum=0.03, affine=True, track_running_stats=True)\n      (act): SiLU(inplace=True)\n    )\n    (15): Upsample(scale_factor=2.0, mode='nearest')\n    (16): Concat()\n    (17): C3(\n      (cv1): Conv(\n        (conv): Conv2d(256, 64, kernel_size=(1, 1), stride=(1, 1), bias=False)\n        (bn): BatchNorm2d(64, eps=0.001, momentum=0.03, affine=True, track_running_stats=True)\n        (act): SiLU(inplace=True)\n      )\n      (cv2): Conv(\n        (conv): Conv2d(256, 64, kernel_size=(1, 1), stride=(1, 1), bias=False)\n        (bn): BatchNorm2d(64, eps=0.001, momentum=0.03, affine=True, track_running_stats=True)\n        (act): SiLU(inplace=True)\n      )\n      (cv3): Conv(\n        (conv): Conv2d(128, 128, kernel_size=(1, 1), stride=(1, 1), bias=False)\n        (bn): BatchNorm2d(128, eps=0.001, momentum=0.03, affine=True, track_running_stats=True)\n        (act): SiLU(inplace=True)\n      )\n      (m): Sequential(\n        (0): Bottleneck(\n          (cv1): Conv(\n            (conv): Conv2d(64, 64, kernel_size=(1, 1), stride=(1, 1), bias=False)\n            (bn): BatchNorm2d(64, eps=0.001, momentum=0.03, affine=True, track_running_stats=True)\n            (act): SiLU(inplace=True)\n          )\n          (cv2): Conv(\n            (conv): Conv2d(64, 64, kernel_size=(3, 3), stride=(1, 1), padding=(1, 1), bias=False)\n            (bn): BatchNorm2d(64, eps=0.001, momentum=0.03, affine=True, track_running_stats=True)\n            (act): SiLU(inplace=True)\n          )\n        )\n      )\n    )\n    (18): Conv(\n      (conv): Conv2d(128, 128, kernel_size=(3, 3), stride=(2, 2), padding=(1, 1), bias=False)\n      (bn): BatchNorm2d(128, eps=0.001, momentum=0.03, affine=True, track_running_stats=True)\n      (act): SiLU(inplace=True)\n    )\n    (19): Concat()\n    (20): C3(\n      (cv1): Conv(\n        (conv): Conv2d(256, 128, kernel_size=(1, 1), stride=(1, 1), bias=False)\n        (bn): BatchNorm2d(128, eps=0.001, momentum=0.03, affine=True, track_running_stats=True)\n        (act): SiLU(inplace=True)\n      )\n      (cv2): Conv(\n        (conv): Conv2d(256, 128, kernel_size=(1, 1), stride=(1, 1), bias=False)\n        (bn): BatchNorm2d(128, eps=0.001, momentum=0.03, affine=True, track_running_stats=True)\n        (act): SiLU(inplace=True)\n      )\n      (cv3): Conv(\n        (conv): Conv2d(256, 256, kernel_size=(1, 1), stride=(1, 1), bias=False)\n        (bn): BatchNorm2d(256, eps=0.001, momentum=0.03, affine=True, track_running_stats=True)\n        (act): SiLU(inplace=True)\n      )\n      (m): Sequential(\n        (0): Bottleneck(\n          (cv1): Conv(\n            (conv): Conv2d(128, 128, kernel_size=(1, 1), stride=(1, 1), bias=False)\n            (bn): BatchNorm2d(128, eps=0.001, momentum=0.03, affine=True, track_running_stats=True)\n            (act): SiLU(inplace=True)\n          )\n          (cv2): Conv(\n            (conv): Conv2d(128, 128, kernel_size=(3, 3), stride=(1, 1), padding=(1, 1), bias=False)\n            (bn): BatchNorm2d(128, eps=0.001, momentum=0.03, affine=True, track_running_stats=True)\n            (act): SiLU(inplace=True)\n          )\n        )\n      )\n    )\n    (21): Conv(\n      (conv): Conv2d(256, 256, kernel_size=(3, 3), stride=(2, 2), padding=(1, 1), bias=False)\n      (bn): BatchNorm2d(256, eps=0.001, momentum=0.03, affine=True, track_running_stats=True)\n      (act): SiLU(inplace=True)\n    )\n    (22): Concat()\n    (23): C3(\n      (cv1): Conv(\n        (conv): Conv2d(512, 256, kernel_size=(1, 1), stride=(1, 1), bias=False)\n        (bn): BatchNorm2d(256, eps=0.001, momentum=0.03, affine=True, track_running_stats=True)\n        (act): SiLU(inplace=True)\n      )\n      (cv2): Conv(\n        (conv): Conv2d(512, 256, kernel_size=(1, 1), stride=(1, 1), bias=False)\n        (bn): BatchNorm2d(256, eps=0.001, momentum=0.03, affine=True, track_running_stats=True)\n        (act): SiLU(inplace=True)\n      )\n      (cv3): Conv(\n        (conv): Conv2d(512, 512, kernel_size=(1, 1), stride=(1, 1), bias=False)\n        (bn): BatchNorm2d(512, eps=0.001, momentum=0.03, affine=True, track_running_stats=True)\n        (act): SiLU(inplace=True)\n      )\n      (m): Sequential(\n        (0): Bottleneck(\n          (cv1): Conv(\n            (conv): Conv2d(256, 256, kernel_size=(1, 1), stride=(1, 1), bias=False)\n            (bn): BatchNorm2d(256, eps=0.001, momentum=0.03, affine=True, track_running_stats=True)\n            (act): SiLU(inplace=True)\n          )\n          (cv2): Conv(\n            (conv): Conv2d(256, 256, kernel_size=(3, 3), stride=(1, 1), padding=(1, 1), bias=False)\n            (bn): BatchNorm2d(256, eps=0.001, momentum=0.03, affine=True, track_running_stats=True)\n            (act): SiLU(inplace=True)\n          )\n        )\n      )\n    )\n    (24): Detect(\n      (m): ModuleList(\n        (0): Conv2d(128, 45, kernel_size=(1, 1), stride=(1, 1))\n        (1): Conv2d(256, 45, kernel_size=(1, 1), stride=(1, 1))\n        (2): Conv2d(512, 45, kernel_size=(1, 1), stride=(1, 1))\n      )\n    )\n  )\n)","local_timestamp":1694482328052},"type":"ws_msg"}
{"payload":{"local_timestamp":1694482328068,"metric":{"epoch":null,"metricName":"loss","metricValue":3.9311633110046387,"step":0}},"type":"metric_msg"}
{"payload":{"local_timestamp":1694482328334,"stderr":true,"stdout":"\r       0/49         0G       0.14    0.03979    0.06593        188        640:   0%|          | 0/92 [00:38<?, ?it/s]"},"type":"ws_msg"}
{"payload":{"local_timestamp":1694482328349,"stderr":true,"stdout":"\r       0/49         0G       0.14    0.03979    0.06593        188        640:   1%|          | 1/92 [00:38<58:19, 38.46s/it]"},"type":"ws_msg"}
{"payload":{"local_timestamp":1694482336571,"stderr":true,"stdout":"\r       0/49         0G       0.14    0.03979    0.06593        188        640:   1%|          | 1/92 [00:46<1:10:47, 46.68s/it]"},"type":"ws_msg"}
{"payload":{"local_timestamp":1694482336571,"stderr":true,"stdout":"\n"},"type":"ws_msg"}
{"payload":{"local_timestamp":1694482336586,"stderr":true,"stdout":"Traceback (most recent call last):\n"},"type":"ws_msg"}
{"payload":{"local_timestamp":1694482336586,"stderr":true,"stdout":"  File \"c:\\Users\\LENOVO\\Downloads\\Dataset\\yolov5\\train.py\", line 647, in <module>\n"},"type":"ws_msg"}
{"payload":{"local_timestamp":1694482336586,"stderr":true,"stdout":"    "},"type":"ws_msg"}
{"payload":{"local_timestamp":1694482336586,"stderr":true,"stdout":"main(opt)"},"type":"ws_msg"}
{"payload":{"local_timestamp":1694482336586,"stderr":true,"stdout":"\n"},"type":"ws_msg"}
{"payload":{"local_timestamp":1694482336586,"stderr":true,"stdout":"  File \"c:\\Users\\LENOVO\\Downloads\\Dataset\\yolov5\\train.py\", line 536, in main\n"},"type":"ws_msg"}
{"payload":{"local_timestamp":1694482336586,"stderr":true,"stdout":"    "},"type":"ws_msg"}
{"payload":{"local_timestamp":1694482336586,"stderr":true,"stdout":"train(opt.hyp, opt, device, callbacks)"},"type":"ws_msg"}
{"payload":{"local_timestamp":1694482336586,"stderr":true,"stdout":"\n"},"type":"ws_msg"}
{"payload":{"local_timestamp":1694482336586,"stderr":true,"stdout":"  File \"c:\\Users\\LENOVO\\Downloads\\Dataset\\yolov5\\train.py\", line 325, in train\n"},"type":"ws_msg"}
{"payload":{"local_timestamp":1694482336586,"stderr":true,"stdout":"    "},"type":"ws_msg"}
{"payload":{"local_timestamp":1694482336586,"stderr":true,"stdout":"scaler.scale(loss).backward()"},"type":"ws_msg"}
{"payload":{"local_timestamp":1694482336586,"stderr":true,"stdout":"\n"},"type":"ws_msg"}
{"payload":{"local_timestamp":1694482336586,"stderr":true,"stdout":"  File \"c:\\Users\\LENOVO\\AppData\\Local\\Programs\\Python\\Python311\\Lib\\site-packages\\comet_ml\\monkey_patching.py\", line 353, in wrapper\n"},"type":"ws_msg"}
{"payload":{"local_timestamp":1694482336586,"stderr":true,"stdout":"    "},"type":"ws_msg"}
{"payload":{"local_timestamp":1694482336586,"stderr":true,"stdout":"raise exception_raised"},"type":"ws_msg"}
{"payload":{"local_timestamp":1694482336586,"stderr":true,"stdout":"\n"},"type":"ws_msg"}
{"payload":{"local_timestamp":1694482336586,"stderr":true,"stdout":"  File \"c:\\Users\\LENOVO\\AppData\\Local\\Programs\\Python\\Python311\\Lib\\site-packages\\comet_ml\\monkey_patching.py\", line 324, in wrapper\n"},"type":"ws_msg"}
{"payload":{"local_timestamp":1694482336586,"stderr":true,"stdout":"    "},"type":"ws_msg"}
{"payload":{"local_timestamp":1694482336586,"stderr":true,"stdout":"return_value = original(*args, **kwargs)"},"type":"ws_msg"}
{"payload":{"local_timestamp":1694482336586,"stderr":true,"stdout":"\n"},"type":"ws_msg"}
{"payload":{"local_timestamp":1694482336586,"stderr":true,"stdout":" "},"type":"ws_msg"}
{"payload":{"local_timestamp":1694482336586,"stderr":true,"stdout":" "},"type":"ws_msg"}
{"payload":{"local_timestamp":1694482336586,"stderr":true,"stdout":" "},"type":"ws_msg"}
{"payload":{"local_timestamp":1694482336586,"stderr":true,"stdout":" "},"type":"ws_msg"}
{"payload":{"local_timestamp":1694482336586,"stderr":true,"stdout":" "},"type":"ws_msg"}
{"payload":{"local_timestamp":1694482336586,"stderr":true,"stdout":" "},"type":"ws_msg"}
{"payload":{"local_timestamp":1694482336586,"stderr":true,"stdout":" "},"type":"ws_msg"}
{"payload":{"local_timestamp":1694482336586,"stderr":true,"stdout":" "},"type":"ws_msg"}
{"payload":{"local_timestamp":1694482336586,"stderr":true,"stdout":" "},"type":"ws_msg"}
{"payload":{"local_timestamp":1694482336586,"stderr":true,"stdout":" "},"type":"ws_msg"}
{"payload":{"local_timestamp":1694482336586,"stderr":true,"stdout":" "},"type":"ws_msg"}
{"payload":{"local_timestamp":1694482336586,"stderr":true,"stdout":" "},"type":"ws_msg"}
{"payload":{"local_timestamp":1694482336586,"stderr":true,"stdout":" "},"type":"ws_msg"}
{"payload":{"local_timestamp":1694482336586,"stderr":true,"stdout":" "},"type":"ws_msg"}
{"payload":{"local_timestamp":1694482336586,"stderr":true,"stdout":" "},"type":"ws_msg"}
{"payload":{"local_timestamp":1694482336586,"stderr":true,"stdout":" "},"type":"ws_msg"}
{"payload":{"local_timestamp":1694482336586,"stderr":true,"stdout":" "},"type":"ws_msg"}
{"payload":{"local_timestamp":1694482336586,"stderr":true,"stdout":" "},"type":"ws_msg"}
{"payload":{"local_timestamp":1694482336586,"stderr":true,"stdout":" "},"type":"ws_msg"}
{"payload":{"local_timestamp":1694482336586,"stderr":true,"stdout":"^"},"type":"ws_msg"}
{"payload":{"local_timestamp":1694482336586,"stderr":true,"stdout":"^"},"type":"ws_msg"}
{"payload":{"local_timestamp":1694482336586,"stderr":true,"stdout":"^"},"type":"ws_msg"}
{"payload":{"local_timestamp":1694482336586,"stderr":true,"stdout":"^"},"type":"ws_msg"}
{"payload":{"local_timestamp":1694482336586,"stderr":true,"stdout":"^"},"type":"ws_msg"}
{"payload":{"local_timestamp":1694482336586,"stderr":true,"stdout":"^"},"type":"ws_msg"}
{"payload":{"local_timestamp":1694482336586,"stderr":true,"stdout":"^"},"type":"ws_msg"}
{"payload":{"local_timestamp":1694482336586,"stderr":true,"stdout":"^"},"type":"ws_msg"}
{"payload":{"local_timestamp":1694482336586,"stderr":true,"stdout":"^"},"type":"ws_msg"}
{"payload":{"local_timestamp":1694482336586,"stderr":true,"stdout":"^"},"type":"ws_msg"}
{"payload":{"local_timestamp":1694482336586,"stderr":true,"stdout":"^"},"type":"ws_msg"}
{"payload":{"local_timestamp":1694482336586,"stderr":true,"stdout":"^"},"type":"ws_msg"}
{"payload":{"local_timestamp":1694482336586,"stderr":true,"stdout":"^"},"type":"ws_msg"}
{"payload":{"local_timestamp":1694482336586,"stderr":true,"stdout":"^"},"type":"ws_msg"}
{"payload":{"local_timestamp":1694482336586,"stderr":true,"stdout":"^"},"type":"ws_msg"}
{"payload":{"local_timestamp":1694482336586,"stderr":true,"stdout":"^"},"type":"ws_msg"}
{"payload":{"local_timestamp":1694482336586,"stderr":true,"stdout":"^"},"type":"ws_msg"}
{"payload":{"local_timestamp":1694482336586,"stderr":true,"stdout":"^"},"type":"ws_msg"}
{"payload":{"local_timestamp":1694482336586,"stderr":true,"stdout":"^"},"type":"ws_msg"}
{"payload":{"local_timestamp":1694482336586,"stderr":true,"stdout":"^"},"type":"ws_msg"}
{"payload":{"local_timestamp":1694482336586,"stderr":true,"stdout":"^"},"type":"ws_msg"}
{"payload":{"local_timestamp":1694482336586,"stderr":true,"stdout":"^"},"type":"ws_msg"}
{"payload":{"local_timestamp":1694482336586,"stderr":true,"stdout":"^"},"type":"ws_msg"}
{"payload":{"local_timestamp":1694482336586,"stderr":true,"stdout":"^"},"type":"ws_msg"}
{"payload":{"local_timestamp":1694482336586,"stderr":true,"stdout":"^"},"type":"ws_msg"}
{"payload":{"local_timestamp":1694482336586,"stderr":true,"stdout":"\n"},"type":"ws_msg"}
{"payload":{"local_timestamp":1694482336586,"stderr":true,"stdout":"  File \"c:\\Users\\LENOVO\\AppData\\Local\\Programs\\Python\\Python311\\Lib\\site-packages\\torch\\_tensor.py\", line 487, in backward\n"},"type":"ws_msg"}
{"payload":{"local_timestamp":1694482336586,"stderr":true,"stdout":"    "},"type":"ws_msg"}
{"payload":{"local_timestamp":1694482336586,"stderr":true,"stdout":"torch.autograd.backward("},"type":"ws_msg"}
{"payload":{"local_timestamp":1694482336586,"stderr":true,"stdout":"\n"},"type":"ws_msg"}
{"payload":{"local_timestamp":1694482336586,"stderr":true,"stdout":"  File \"c:\\Users\\LENOVO\\AppData\\Local\\Programs\\Python\\Python311\\Lib\\site-packages\\torch\\autograd\\__init__.py\", line 200, in backward\n"},"type":"ws_msg"}
{"payload":{"local_timestamp":1694482336602,"stderr":true,"stdout":"    "},"type":"ws_msg"}
{"payload":{"local_timestamp":1694482336602,"stderr":true,"stdout":"Variable._execution_engine.run_backward(  # Calls into the C++ engine to run the backward pass"},"type":"ws_msg"}
{"payload":{"local_timestamp":1694482336602,"stderr":true,"stdout":"\n"},"type":"ws_msg"}
{"payload":{"local_timestamp":1694482336602,"stderr":true,"stdout":"RuntimeError"},"type":"ws_msg"}
{"payload":{"local_timestamp":1694482336602,"stderr":true,"stdout":": "},"type":"ws_msg"}
{"payload":{"local_timestamp":1694482336602,"stderr":true,"stdout":"[enforce fail at ..\\c10\\core\\impl\\alloc_cpu.cpp:72] data. DefaultCPUAllocator: not enough memory: you tried to allocate 52428800 bytes."},"type":"ws_msg"}
{"payload":{"local_timestamp":1694482336602,"stderr":true,"stdout":"\n"},"type":"ws_msg"}
{"payload":{"local_timestamp":1694482336602,"log_other":{"key":"Created from","val":"pytorch"}},"type":"ws_msg"}
{"payload":{"local_timestamp":1694482336617,"stderr":true,"stdout":"COMET INFO: ---------------------------------------------------------------------------------------\n"},"type":"ws_msg"}
{"payload":{"local_timestamp":1694482336617,"stderr":true,"stdout":"COMET INFO: Comet.ml OfflineExperiment Summary\n"},"type":"ws_msg"}
{"payload":{"local_timestamp":1694482336617,"stderr":true,"stdout":"COMET INFO: ---------------------------------------------------------------------------------------\n"},"type":"ws_msg"}
{"payload":{"local_timestamp":1694482336617,"stderr":true,"stdout":"COMET INFO:   Data:\n"},"type":"ws_msg"}
{"payload":{"local_timestamp":1694482336617,"stderr":true,"stdout":"COMET INFO:     display_summary_level : 1\n"},"type":"ws_msg"}
{"payload":{"local_timestamp":1694482336617,"stderr":true,"stdout":"COMET INFO:     url                   : [OfflineExperiment will get URL after upload]\n"},"type":"ws_msg"}
{"payload":{"local_timestamp":1694482336617,"stderr":true,"stdout":"COMET INFO:   Metrics:\n"},"type":"ws_msg"}
{"payload":{"local_timestamp":1694482336617,"stderr":true,"stdout":"COMET INFO:     loss : 3.9311633110046387\n"},"type":"ws_msg"}
{"payload":{"local_timestamp":1694482336617,"stderr":true,"stdout":"COMET INFO:   Others:\n"},"type":"ws_msg"}
{"payload":{"local_timestamp":1694482336617,"stderr":true,"stdout":"COMET INFO:     Name                        : exp\n"},"type":"ws_msg"}
{"payload":{"local_timestamp":1694482336617,"stderr":true,"stdout":"COMET INFO:     comet_log_batch_metrics     : False\n"},"type":"ws_msg"}
{"payload":{"local_timestamp":1694482336617,"stderr":true,"stdout":"COMET INFO:     comet_log_confusion_matrix  : True\n"},"type":"ws_msg"}
{"payload":{"local_timestamp":1694482336617,"stderr":true,"stdout":"COMET INFO:     comet_log_per_class_metrics : False\n"},"type":"ws_msg"}
{"payload":{"local_timestamp":1694482336617,"stderr":true,"stdout":"COMET INFO:     comet_max_image_uploads     : 100\n"},"type":"ws_msg"}
{"payload":{"local_timestamp":1694482336617,"stderr":true,"stdout":"COMET INFO:     comet_mode                  : online\n"},"type":"ws_msg"}
{"payload":{"local_timestamp":1694482336617,"stderr":true,"stdout":"COMET INFO:     comet_model_name            : yolov5\n"},"type":"ws_msg"}
{"payload":{"local_timestamp":1694482336617,"stderr":true,"stdout":"COMET INFO:     hasNestedParams             : True\n"},"type":"ws_msg"}
{"payload":{"local_timestamp":1694482336617,"stderr":true,"stdout":"COMET INFO:     offline_experiment          : True\n"},"type":"ws_msg"}
{"payload":{"local_timestamp":1694482336617,"stderr":true,"stdout":"COMET INFO:   Parameters:\n"},"type":"ws_msg"}
{"payload":{"local_timestamp":1694482336617,"stderr":true,"stdout":"COMET INFO:     anchor_t            : 4.0\n"},"type":"ws_msg"}
{"payload":{"local_timestamp":1694482336617,"stderr":true,"stdout":"COMET INFO:     artifact_alias      : latest\n"},"type":"ws_msg"}
{"payload":{"local_timestamp":1694482336617,"stderr":true,"stdout":"COMET INFO:     batch_size          : 16\n"},"type":"ws_msg"}
{"payload":{"local_timestamp":1694482336617,"stderr":true,"stdout":"COMET INFO:     bbox_interval       : -1\n"},"type":"ws_msg"}
{"payload":{"local_timestamp":1694482336617,"stderr":true,"stdout":"COMET INFO:     box                 : 0.05\n"},"type":"ws_msg"}
{"payload":{"local_timestamp":1694482336617,"stderr":true,"stdout":"COMET INFO:     bucket              : \n"},"type":"ws_msg"}
{"payload":{"local_timestamp":1694482336617,"stderr":true,"stdout":"COMET INFO:     cfg                 : \n"},"type":"ws_msg"}
{"payload":{"local_timestamp":1694482336617,"stderr":true,"stdout":"COMET INFO:     cls                 : 0.0625\n"},"type":"ws_msg"}
{"payload":{"local_timestamp":1694482336617,"stderr":true,"stdout":"COMET INFO:     cls_pw              : 1.0\n"},"type":"ws_msg"}
{"payload":{"local_timestamp":1694482336617,"stderr":true,"stdout":"COMET INFO:     copy_paste          : 0.0\n"},"type":"ws_msg"}
{"payload":{"local_timestamp":1694482336617,"stderr":true,"stdout":"COMET INFO:     cos_lr              : False\n"},"type":"ws_msg"}
{"payload":{"local_timestamp":1694482336617,"stderr":true,"stdout":"COMET INFO:     degrees             : 0.0\n"},"type":"ws_msg"}
{"payload":{"local_timestamp":1694482336617,"stderr":true,"stdout":"COMET INFO:     device              : \n"},"type":"ws_msg"}
{"payload":{"local_timestamp":1694482336617,"stderr":true,"stdout":"COMET INFO:     entity              : 1\n"},"type":"ws_msg"}
{"payload":{"local_timestamp":1694482336617,"stderr":true,"stdout":"COMET INFO:     evolve              : 1\n"},"type":"ws_msg"}
{"payload":{"local_timestamp":1694482336617,"stderr":true,"stdout":"COMET INFO:     exist_ok            : False\n"},"type":"ws_msg"}
{"payload":{"local_timestamp":1694482336617,"stderr":true,"stdout":"COMET INFO:     fl_gamma            : 0.0\n"},"type":"ws_msg"}
{"payload":{"local_timestamp":1694482336617,"stderr":true,"stdout":"COMET INFO:     fliplr              : 0.5\n"},"type":"ws_msg"}
{"payload":{"local_timestamp":1694482336617,"stderr":true,"stdout":"COMET INFO:     flipud              : 0.0\n"},"type":"ws_msg"}
{"payload":{"local_timestamp":1694482336617,"stderr":true,"stdout":"COMET INFO:     freeze              : [0]\n"},"type":"ws_msg"}
{"payload":{"local_timestamp":1694482336617,"stderr":true,"stdout":"COMET INFO:     hsv_h               : 0.015\n"},"type":"ws_msg"}
{"payload":{"local_timestamp":1694482336617,"stderr":true,"stdout":"COMET INFO:     hsv_s               : 0.7\n"},"type":"ws_msg"}
{"payload":{"local_timestamp":1694482336617,"stderr":true,"stdout":"COMET INFO:     hsv_v               : 0.4\n"},"type":"ws_msg"}
{"payload":{"local_timestamp":1694482336617,"stderr":true,"stdout":"COMET INFO:     hyp|anchor_t        : 4.0\n"},"type":"ws_msg"}
{"payload":{"local_timestamp":1694482336617,"stderr":true,"stdout":"COMET INFO:     hyp|box             : 0.05\n"},"type":"ws_msg"}
{"payload":{"local_timestamp":1694482336617,"stderr":true,"stdout":"COMET INFO:     hyp|cls             : 0.5\n"},"type":"ws_msg"}
{"payload":{"local_timestamp":1694482336617,"stderr":true,"stdout":"COMET INFO:     hyp|cls_pw          : 1.0\n"},"type":"ws_msg"}
{"payload":{"local_timestamp":1694482336617,"stderr":true,"stdout":"COMET INFO:     hyp|copy_paste      : 0.0\n"},"type":"ws_msg"}
{"payload":{"local_timestamp":1694482336617,"stderr":true,"stdout":"COMET INFO:     hyp|degrees         : 0.0\n"},"type":"ws_msg"}
{"payload":{"local_timestamp":1694482336617,"stderr":true,"stdout":"COMET INFO:     hyp|fl_gamma        : 0.0\n"},"type":"ws_msg"}
{"payload":{"local_timestamp":1694482336617,"stderr":true,"stdout":"COMET INFO:     hyp|fliplr          : 0.5\n"},"type":"ws_msg"}
{"payload":{"local_timestamp":1694482336617,"stderr":true,"stdout":"COMET INFO:     hyp|flipud          : 0.0\n"},"type":"ws_msg"}
{"payload":{"local_timestamp":1694482336617,"stderr":true,"stdout":"COMET INFO:     hyp|hsv_h           : 0.015\n"},"type":"ws_msg"}
{"payload":{"local_timestamp":1694482336617,"stderr":true,"stdout":"COMET INFO:     hyp|hsv_s           : 0.7\n"},"type":"ws_msg"}
{"payload":{"local_timestamp":1694482336617,"stderr":true,"stdout":"COMET INFO:     hyp|hsv_v           : 0.4\n"},"type":"ws_msg"}
{"payload":{"local_timestamp":1694482336617,"stderr":true,"stdout":"COMET INFO:     hyp|iou_t           : 0.2\n"},"type":"ws_msg"}
{"payload":{"local_timestamp":1694482336617,"stderr":true,"stdout":"COMET INFO:     hyp|lr0             : 0.01\n"},"type":"ws_msg"}
{"payload":{"local_timestamp":1694482336617,"stderr":true,"stdout":"COMET INFO:     hyp|lrf             : 0.01\n"},"type":"ws_msg"}
{"payload":{"local_timestamp":1694482336617,"stderr":true,"stdout":"COMET INFO:     hyp|mixup           : 0.0\n"},"type":"ws_msg"}
{"payload":{"local_timestamp":1694482336617,"stderr":true,"stdout":"COMET INFO:     hyp|momentum        : 0.937\n"},"type":"ws_msg"}
{"payload":{"local_timestamp":1694482336617,"stderr":true,"stdout":"COMET INFO:     hyp|mosaic          : 1.0\n"},"type":"ws_msg"}
{"payload":{"local_timestamp":1694482336617,"stderr":true,"stdout":"COMET INFO:     hyp|obj             : 1.0\n"},"type":"ws_msg"}
{"payload":{"local_timestamp":1694482336617,"stderr":true,"stdout":"COMET INFO:     hyp|obj_pw          : 1.0\n"},"type":"ws_msg"}
{"payload":{"local_timestamp":1694482336617,"stderr":true,"stdout":"COMET INFO:     hyp|perspective     : 0.0\n"},"type":"ws_msg"}
{"payload":{"local_timestamp":1694482336617,"stderr":true,"stdout":"COMET INFO:     hyp|scale           : 0.5\n"},"type":"ws_msg"}
{"payload":{"local_timestamp":1694482336633,"stderr":true,"stdout":"COMET INFO:     hyp|shear           : 0.0\n"},"type":"ws_msg"}
{"payload":{"local_timestamp":1694482336633,"stderr":true,"stdout":"COMET INFO:     hyp|translate       : 0.1\n"},"type":"ws_msg"}
{"payload":{"local_timestamp":1694482336633,"stderr":true,"stdout":"COMET INFO:     hyp|warmup_bias_lr  : 0.1\n"},"type":"ws_msg"}
{"payload":{"local_timestamp":1694482336633,"stderr":true,"stdout":"COMET INFO:     hyp|warmup_epochs   : 3.0\n"},"type":"ws_msg"}
{"payload":{"local_timestamp":1694482336633,"stderr":true,"stdout":"COMET INFO:     hyp|warmup_momentum : 0.8\n"},"type":"ws_msg"}
{"payload":{"local_timestamp":1694482336633,"stderr":true,"stdout":"COMET INFO:     hyp|weight_decay    : 0.0005\n"},"type":"ws_msg"}
{"payload":{"local_timestamp":1694482336633,"stderr":true,"stdout":"COMET INFO:     image_weights       : False\n"},"type":"ws_msg"}
{"payload":{"local_timestamp":1694482336633,"stderr":true,"stdout":"COMET INFO:     imgsz               : 640\n"},"type":"ws_msg"}
{"payload":{"local_timestamp":1694482336633,"stderr":true,"stdout":"COMET INFO:     iou_t               : 0.2\n"},"type":"ws_msg"}
{"payload":{"local_timestamp":1694482336633,"stderr":true,"stdout":"COMET INFO:     label_smoothing     : 0.0\n"},"type":"ws_msg"}
{"payload":{"local_timestamp":1694482336633,"stderr":true,"stdout":"COMET INFO:     local_rank          : -1\n"},"type":"ws_msg"}
{"payload":{"local_timestamp":1694482336633,"stderr":true,"stdout":"COMET INFO:     lr0                 : 0.01\n"},"type":"ws_msg"}
{"payload":{"local_timestamp":1694482336633,"stderr":true,"stdout":"COMET INFO:     lrf                 : 0.01\n"},"type":"ws_msg"}
{"payload":{"local_timestamp":1694482336633,"stderr":true,"stdout":"COMET INFO:     mixup               : 0.0\n"},"type":"ws_msg"}
{"payload":{"local_timestamp":1694482336633,"stderr":true,"stdout":"COMET INFO:     momentum            : 0.937\n"},"type":"ws_msg"}
{"payload":{"local_timestamp":1694482336633,"stderr":true,"stdout":"COMET INFO:     mosaic              : 1.0\n"},"type":"ws_msg"}
{"payload":{"local_timestamp":1694482336633,"stderr":true,"stdout":"COMET INFO:     multi_scale         : False\n"},"type":"ws_msg"}
{"payload":{"local_timestamp":1694482336633,"stderr":true,"stdout":"COMET INFO:     name                : exp\n"},"type":"ws_msg"}
{"payload":{"local_timestamp":1694482336633,"stderr":true,"stdout":"COMET INFO:     noautoanchor        : False\n"},"type":"ws_msg"}
{"payload":{"local_timestamp":1694482336633,"stderr":true,"stdout":"COMET INFO:     noplots             : False\n"},"type":"ws_msg"}
{"payload":{"local_timestamp":1694482336633,"stderr":true,"stdout":"COMET INFO:     nosave              : False\n"},"type":"ws_msg"}
{"payload":{"local_timestamp":1694482336633,"stderr":true,"stdout":"COMET INFO:     noval               : False\n"},"type":"ws_msg"}
{"payload":{"local_timestamp":1694482336633,"stderr":true,"stdout":"COMET INFO:     obj                 : 1.0\n"},"type":"ws_msg"}
{"payload":{"local_timestamp":1694482336633,"stderr":true,"stdout":"COMET INFO:     obj_pw              : 1.0\n"},"type":"ws_msg"}
{"payload":{"local_timestamp":1694482336633,"stderr":true,"stdout":"COMET INFO:     optimizer           : SGD\n"},"type":"ws_msg"}
{"payload":{"local_timestamp":1694482336633,"stderr":true,"stdout":"COMET INFO:     patience            : 100\n"},"type":"ws_msg"}
{"payload":{"local_timestamp":1694482336633,"stderr":true,"stdout":"COMET INFO:     perspective         : 0.0\n"},"type":"ws_msg"}
{"payload":{"local_timestamp":1694482336633,"stderr":true,"stdout":"COMET INFO:     project             : runs\\train\n"},"type":"ws_msg"}
{"payload":{"local_timestamp":1694482336633,"stderr":true,"stdout":"COMET INFO:     quad                : False\n"},"type":"ws_msg"}
{"payload":{"local_timestamp":1694482336633,"stderr":true,"stdout":"COMET INFO:     rect                : False\n"},"type":"ws_msg"}
{"payload":{"local_timestamp":1694482336633,"stderr":true,"stdout":"COMET INFO:     resume              : False\n"},"type":"ws_msg"}
{"payload":{"local_timestamp":1694482336633,"stderr":true,"stdout":"COMET INFO:     save_dir            : runs\\train\\exp3\n"},"type":"ws_msg"}
{"payload":{"local_timestamp":1694482336633,"stderr":true,"stdout":"COMET INFO:     save_period         : -1\n"},"type":"ws_msg"}
{"payload":{"local_timestamp":1694482336633,"stderr":true,"stdout":"COMET INFO:     scale               : 0.5\n"},"type":"ws_msg"}
{"payload":{"local_timestamp":1694482336633,"stderr":true,"stdout":"COMET INFO:     seed                : 0\n"},"type":"ws_msg"}
{"payload":{"local_timestamp":1694482336633,"stderr":true,"stdout":"COMET INFO:     shear               : 0.0\n"},"type":"ws_msg"}
{"payload":{"local_timestamp":1694482336633,"stderr":true,"stdout":"COMET INFO:     single_cls          : False\n"},"type":"ws_msg"}
{"payload":{"local_timestamp":1694482336633,"stderr":true,"stdout":"COMET INFO:     sync_bn             : False\n"},"type":"ws_msg"}
{"payload":{"local_timestamp":1694482336633,"stderr":true,"stdout":"COMET INFO:     translate           : 0.1\n"},"type":"ws_msg"}
{"payload":{"local_timestamp":1694482336633,"stderr":true,"stdout":"COMET INFO:     upload_dataset      : False\n"},"type":"ws_msg"}
{"payload":{"local_timestamp":1694482336633,"stderr":true,"stdout":"COMET INFO:     val_conf_threshold  : 0.001\n"},"type":"ws_msg"}
{"payload":{"local_timestamp":1694482336633,"stderr":true,"stdout":"COMET INFO:     val_iou_threshold   : 0.6\n"},"type":"ws_msg"}
{"payload":{"local_timestamp":1694482336633,"stderr":true,"stdout":"COMET INFO:     warmup_bias_lr      : 0.1\n"},"type":"ws_msg"}
{"payload":{"local_timestamp":1694482336633,"stderr":true,"stdout":"COMET INFO:     warmup_epochs       : 3.0\n"},"type":"ws_msg"}
{"payload":{"local_timestamp":1694482336633,"stderr":true,"stdout":"COMET INFO:     warmup_momentum     : 0.8\n"},"type":"ws_msg"}
{"payload":{"local_timestamp":1694482336633,"stderr":true,"stdout":"COMET INFO:     weight_decay        : 0.0005\n"},"type":"ws_msg"}
{"payload":{"local_timestamp":1694482336633,"stderr":true,"stdout":"COMET INFO:     workers             : 8\n"},"type":"ws_msg"}
{"payload":{"local_timestamp":1694482336633,"stderr":true,"stdout":"COMET INFO:   Uploads:\n"},"type":"ws_msg"}
{"payload":{"local_timestamp":1694482336633,"stderr":true,"stdout":"COMET INFO:     asset               : 5 (424.64 KB)\n"},"type":"ws_msg"}
{"payload":{"local_timestamp":1694482336633,"stderr":true,"stdout":"COMET INFO:     environment details : 1\n"},"type":"ws_msg"}
{"payload":{"local_timestamp":1694482336633,"stderr":true,"stdout":"COMET INFO:     git metadata        : 1\n"},"type":"ws_msg"}
{"payload":{"local_timestamp":1694482336633,"stderr":true,"stdout":"COMET INFO:     installed packages  : 1\n"},"type":"ws_msg"}
{"payload":{"local_timestamp":1694482336633,"stderr":true,"stdout":"COMET INFO:     model graph         : 1\n"},"type":"ws_msg"}
{"payload":{"local_timestamp":1694482336633,"stderr":true,"stdout":"COMET INFO: \n"},"type":"ws_msg"}
